market_slug,vol_usdc,included,theme,reason
will-iran-close-the-strait-of-hormuz-by-march-31,3.77424e+07,True,supply_risk,纳入
strait-of-hormuz-traffic-returns-to-normal-by-april-30,1.56796e+07,True,supply_risk,纳入
kharg-island-no-longer-under-iranian-control-by-april-30-912,8.84156e+06,True,supply_risk,纳入
will-crude-oil-cl-hit-high-200-by-end-of-march-926,8.36112e+06,True,price_ladder,纳入
will-crude-oil-cl-hit-high-100-by-end-of-march-658-396-769-971,8.35331e+06,True,price_ladder,纳入
kharg-island-no-longer-under-iranian-control-by-april-15,5.35012e+06,True,supply_risk,纳入
will-crude-oil-cl-hit-high-150-by-end-of-march-138-937-747,5.32605e+06,True,price_ladder,纳入
will-crude-oil-cl-hit-low-90-by-end-of-march-217-921,5.16715e+06,True,price_ladder,纳入
will-wti-crude-oil-wti-hit-high-200-in-april,4.53594e+06,True,price_level,纳入
will-iran-close-the-strait-of-hormuz-by-june-30,3.95996e+06,True,supply_risk,纳入
will-crude-oil-cl-hit-high-110-by-end-of-march-732-945-787-552,3.93784e+06,True,price_ladder,纳入
kharg-island-no-longer-under-iranian-control-by-march-31,3.76735e+06,True,supply_risk,纳入
will-iran-close-the-strait-of-hormuz-by-2027-969-911-654-431-667,3.74089e+06,True,supply_risk,纳入
us-forces-seize-another-oil-tanker-by-april-30,3.68282e+06,True,supply_risk,纳入
energy-infrastructure-ceasefire-in-ukraine-in-march,3.60393e+06,True,supply_risk,纳入
will-crude-oil-cl-hit-high-120-by-end-of-march-766-813-597,3.57851e+06,True,price_ladder,纳入
will-crude-oil-cl-hit-high-105-by-end-of-march-881,3.49792e+06,True,price_ladder,纳入
will-wti-crude-oil-wti-hit-high-120-in-april,3.18051e+06,True,price_level,纳入
will-crude-oil-cl-hit-high-180-by-end-of-march-692,2.99273e+06,True,price_ladder,纳入
ukraine-strikes-another-tanker-in-black-sea-by-march-31-2026,2.87457e+06,True,supply_risk,纳入
will-iran-close-the-strait-of-hormuz-before-july,2.76443e+06,True,supply_risk,纳入
will-crude-oil-cl-hit-low-85-by-end-of-march-728-921-637-263,2.53944e+06,True,price_ladder,纳入
will-wti-crude-oil-wti-hit-low-80-in-april-167-519-314-426-955-262-749-894-518-898-344,2.51711e+06,True,price_level,纳入
will-wti-crude-oil-wti-hit-high-150-in-april,2.49007e+06,True,price_level,纳入
will-crude-oil-cl-hit-high-100-by-end-of-june-675-964,2.27719e+06,True,price_ladder,纳入
will-wti-crude-oil-wti-hit-high-140-in-april,2.05875e+06,True,price_level,纳入
will-iran-close-the-strait-of-hormuz-in-2025,2.02377e+06,True,supply_risk,纳入
will-solv-energy-incs-market-cap-be-greater-than-5pt4b-at-market-close-on-ipo-day,2.01275e+06,False,,排除：市值排名（Aramco 是标的之一）
will-the-edmonton-oilers-win-the-2025-stanley-cup,1.91092e+06,False,,排除：NHL 埃德蒙顿油人队 Edmonton Oilers
will-crude-oil-cl-hit-high-130-by-end-of-march-366-294,1.89467e+06,True,price_ladder,纳入
will-crude-oil-cl-hit-high-90-by-end-of-march-124-949-438-563-647-712-323,1.76751e+06,True,price_ladder,纳入
will-wti-crude-oil-wti-hit-high-130-in-april,1.69962e+06,True,price_level,纳入
will-wti-crude-oil-wti-hit-low-95-in-april-754-313-219-816-415-811-911,1.66718e+06,True,price_level,纳入
kharg-island-no-longer-under-iranian-control-by-may-31-689,1.65589e+06,True,supply_risk,纳入
will-crude-oil-cl-hit-high-200-by-end-of-june-677,1.65142e+06,True,price_ladder,纳入
will-crude-oil-cl-hit-high-80-by-end-of-march-113-384-528-915-639-242-637,1.60126e+06,True,price_ladder,纳入
strait-of-hormuz-traffic-returns-to-normal-by-end-of-may,1.56442e+06,True,supply_risk,纳入
will-wti-crude-oil-wti-hit-high-170-in-april,1.55208e+06,True,price_level,纳入
will-crude-oil-cl-hit-high-140-by-end-of-march-934-621,1.52927e+06,True,price_ladder,纳入
will-crude-oil-cl-hit-high-95-by-end-of-march-479-558,1.36989e+06,True,price_ladder,纳入
will-wti-crude-oil-wti-hit-low-70-in-april-315-213-178-948-858-448,1.29111e+06,True,price_level,纳入
will-wti-crude-oil-wti-hit-high-160-in-april,1.28004e+06,True,price_level,纳入
will-crude-oil-cl-hit-high-90-by-end-of-march-947,1.18901e+06,True,price_ladder,纳入
will-wti-crude-oil-wti-hit-high-110-in-april,1.11846e+06,True,price_level,纳入
us-escorts-commercial-ship-through-hormuz-by-march-31,1.00932e+06,True,supply_risk,纳入
will-donald-trump-announce-that-the-united-states-blockade-of-the-strait-of-hormuz-has-been-lifted-by-april-30-2026-731,1.00087e+06,True,supply_risk,纳入
will-wti-crude-oil-wti-hit-low-60-in-april-499-848-357-913-464-361,960603,True,price_level,纳入
kharg-island-no-longer-under-iranian-control-by-june-30-561-854,956641,True,supply_risk,纳入
will-crude-oil-cl-hit-high-95-by-end-of-march-851,904724,True,price_ladder,纳入
strait-of-hormuz-traffic-returns-to-normal-by-may-15,882810,True,supply_risk,纳入
will-solv-energy-incs-market-cap-be-less-than-3pt8b-at-market-close-on-ipo-day,811901,False,,排除：市值排名（Aramco 是标的之一）
will-wti-crude-oil-wti-hit-high-100-in-april,811015,True,price_level,纳入
will-crude-oil-cl-hit-high-150-by-end-of-june-788-691,781980,True,price_ladder,纳入
will-crude-oil-cl-hit-high-90-by-end-of-march-747-434,741513,True,price_ladder,纳入
will-crude-oil-cl-hit-low-65-by-end-of-march-687-631-179-583-222-896-946-953-469-231-749,710323,True,price_ladder,纳入
will-crude-oil-cl-hit-low-80-by-end-of-march-459-543-676-456-138-869-867-397,707343,True,price_ladder,纳入
will-donald-trump-announce-that-the-united-states-blockade-of-the-strait-of-hormuz-has-been-lifted-by-april-23-2026,702741,True,supply_risk,纳入
will-wti-crude-oil-wti-hit-low-90-in-april-711-513-744-136-586-723-939-525-988,697070,True,price_level,纳入
will-crude-oil-cl-hit-high-175-by-end-of-june-456-295,640376,True,price_ladder,纳入
will-wti-crude-oil-wti-hit-high-110-in-april-939-165-186-497-966-717-666-749,640141,True,price_level,纳入
will-wti-crude-oil-wti-hit-low-75-in-april-729-763-439-856-448-294-921-116-755,630959,True,price_level,纳入
lol-we-lng-2026-02-11,629200,True,gas_lng,纳入
will-crude-oil-cl-hit-high-75-by-end-of-march-216-621-736-725-922-826-757,626314,True,price_ladder,纳入
us-escorts-commercial-ship-through-hormuz-by-april-30-894,580402,True,supply_risk,纳入
lol-lng-edg-2026-04-10,576388,True,gas_lng,纳入
will-the-kharg-island-oil-terminal-be-hit-by-april-30-484-426,549927,True,supply_risk,纳入
will-the-united-states-send-warships-through-the-strait-of-hormuz-by-april-30-2026,533799,True,supply_risk,纳入
trump-announces-hormuz-deadline-extension-today,521261,True,supply_risk,纳入
us-escorts-commercial-ship-through-hormuz-by-april-15,518620,True,supply_risk,纳入
will-crude-oil-cl-hit-low-85-by-end-of-march-893-949-456-773,518032,True,price_ladder,纳入
lol-lgd-lng-2026-02-01,503858,True,gas_lng,纳入
lol-we-lng-2026-02-11-game2,500898,True,gas_lng,纳入
will-donald-trump-announce-that-the-united-states-blockade-of-the-strait-of-hormuz-has-been-lifted-by-april-17-2026,497480,True,supply_risk,纳入
lol-omg-lng-2025-12-28,496255,True,gas_lng,纳入
crude-oil-all-time-high-by-april-30,492717,True,price_ladder,纳入
will-wti-crude-oil-wti-hit-low-85-in-april-571-632-737-772-928-974-987-599-168,490176,True,price_level,纳入
will-donald-trump-announce-that-the-united-states-blockade-of-the-strait-of-hormuz-has-been-lifted-by-april-19-2026,480137,True,supply_risk,纳入
will-saudi-aramco-be-the-largest-company-in-the-world-by-market-cap-on-march-31,471221,False,,排除：市值排名（Aramco 是标的之一）
will-crude-oil-cl-hit-low-75-by-end-of-march-644-777-281-682-546-253,458478,True,price_ladder,纳入
will-wti-crude-oil-wti-hit-high-115-in-april,452919,True,price_level,纳入
will-the-kharg-island-oil-terminal-be-hit-by-april-15,451456,True,supply_risk,纳入
will-crude-oil-cl-hit-low-85-by-march-13-213-135-835,447328,True,price_ladder,纳入
will-wti-crude-oil-wti-hit-high-105-in-april-319-154-679-613-119-269-252,443385,True,price_level,纳入
us-forces-seize-another-venezuela-linked-oil-ship-in-2025,438714,True,flows_sanctions,纳入
will-crude-oil-cl-hit-high-95-by-march-13-955-782-768,438507,True,price_ladder,纳入
israel-strikes-iranian-oil-in-october,419485,True,supply_risk,纳入
will-wti-crude-oil-wti-hit-high-125-in-april,414237,True,price_level,纳入
crude-oil-all-time-high-by-march-31,411998,True,price_ladder,纳入
brentford-win-the-premier-league,404043,False,,排除：英超球队 Brentford FC
lol-lng-lgd-2026-01-21,402816,True,gas_lng,纳入
will-donald-trump-announce-that-the-united-states-blockade-of-the-strait-of-hormuz-has-been-lifted-by-april-15-2026,399586,True,supply_risk,纳入
lol-omg-lng-2025-12-24,387355,True,gas_lng,纳入
will-crude-oil-cl-hit-low-60-by-end-of-march-293-652-791-525-614-229-628-379-727-681-774,384555,True,price_ladder,纳入
will-the-kharg-island-oil-terminal-be-hit-by-march-31,380914,True,supply_risk,纳入
will-crude-oil-cl-hit-high-110-by-end-of-june-488,370586,True,price_ladder,纳入
will-wti-crude-oil-wti-hit-high-100-in-april-264-896-315-545-893-482-226-568,369572,True,price_level,纳入
lol-we-lng-2026-02-11-game3,360295,True,gas_lng,纳入
lol-lng-edg-2026-04-10-game2,350262,True,gas_lng,纳入
lol-lng-edg-2026-04-10-game1,338863,True,gas_lng,纳入
will-wti-crude-oil-wti-hit-low-100-in-april-199-357-291-669-487-566-261,338111,True,price_level,纳入
will-crude-oil-cl-hit-low-45-by-end-of-march-524-288-596-421-318-497-667-674-276-275,334792,True,price_ladder,纳入
will-crude-oil-cl-hit-low-40-by-end-of-march-777-183-974-725-949-716-258-533-859-313-659-847,325655,True,price_ladder,纳入
will-crude-oil-cl-hit-low-70-by-end-of-march-122-549-218-531-991-459,320895,True,price_ladder,纳入
will-wti-crude-oil-wti-hit-high-105-in-april-yyy,320895,True,price_level,纳入
will-there-be-between-0-and-10-average-daily-transits-of-the-strait-of-hormuz-on-march-31,306888,True,supply_risk,纳入
will-wti-crude-oil-wti-hit-low-110-in-april-571-591-828-575-393-351-532,305919,True,price_level,纳入
strait-of-hormuz-traffic-returns-to-normal-by-end-of-june,305628,True,supply_risk,纳入
lol-omg-lng-2026-04-24,302240,True,gas_lng,纳入
will-crude-oil-cl-hit-high-100-by-march-13-221-752-344,298170,True,price_ladder,纳入
will-trump-agree-to-iranian-transit-fees-in-the-strait-of-hormuz,297374,True,supply_risk,纳入
lol-lng-tt-2026-03-28,294579,True,gas_lng,纳入
lol-ig1-lng-2026-01-02,289640,True,gas_lng,纳入
will-donald-trump-announce-that-the-united-states-blockade-of-the-strait-of-hormuz-has-been-lifted-by-may-31-2026-313-388-459-589-533,288143,True,supply_risk,纳入
will-45-or-more-ships-transit-the-strait-of-hormuz-between-march-10-16,275278,True,supply_risk,纳入
will-crude-oil-cl-hit-low-95-by-march-20,257176,True,price_ladder,纳入
will-venezuela-give-the-us-oil-by-january-31,256685,True,flows_sanctions,纳入
lol-we-lng-2026-02-11-game4,255374,True,gas_lng,纳入
will-the-edmonton-oilers-win-the-western-conference,255234,False,,排除：NHL 埃德蒙顿油人队 Edmonton Oilers
will-crude-oil-cl-hit-high-140-by-march-13,250555,True,price_ladder,纳入
lol-we-lng-2025-12-17,241559,True,gas_lng,纳入
lol-omg-lng-2025-12-28-game1,236383,True,gas_lng,纳入
will-brentford-finish-in-3rd-place-in-the-2025-26-english-premier-league,232350,False,,排除：英超球队 Brentford FC
lol-we-lng-2026-02-11-game1,230688,True,gas_lng,纳入
will-the-united-kingdom-send-warships-through-the-strait-of-hormuz-by-april-30-2026,225595,True,supply_risk,纳入
will-the-edmonton-oilers-win-the-2026-nhl-stanley-cup,224321,False,,排除：NHL 埃德蒙顿油人队 Edmonton Oilers
will-crude-oil-cl-hit-high-140-by-end-of-june-828-295-574-155,222854,True,price_ladder,纳入
will-crude-oil-cl-hit-high-120-by-end-of-june,217452,True,price_ladder,纳入
will-crude-oil-cl-hit-high-115-by-end-of-june-217-913-468-473,215651,True,price_ladder,纳入
israel-strikes-iranian-oil-in-june,215189,True,supply_risk,纳入
will-crude-oil-cl-hit-low-50-by-end-of-march-969-293-176-621-832-316-288-934-812-659-162,213651,True,price_ladder,纳入
will-wti-crude-oil-wti-hit-low-50-in-april-452-422-867-472-981-365-849-983,213149,True,price_level,纳入
will-saudi-aramco-be-the-second-largest-company-in-the-world-by-market-cap-on-january-31,199006,False,,排除：市值排名（Aramco 是标的之一）
will-crude-oil-cl-hit-high-110-by-march-13-992-833-133,196848,True,price_ladder,纳入
nhl-playoffs-golden-knights-vs-oilers-to-advance,188867,False,,排除：NHL 埃德蒙顿油人队 Edmonton Oilers
iran-agrees-to-unrestricted-shipping-through-hormuz-in-april,188471,True,supply_risk,纳入
will-saudi-aramco-be-the-largest-company-in-the-world-by-market-cap-on-december-31,188033,False,,排除：市值排名（Aramco 是标的之一）
us-forces-seize-another-venezuela-linked-oil-ship-in-2025-451-125-561,187861,True,flows_sanctions,纳入
lol-tt-lng-2026-02-11-game2,187622,True,gas_lng,纳入
will-20-ships-transit-the-strait-of-hormuz-on-any-day-by-april-30,187241,True,supply_risk,纳入
will-crude-oil-cl-hit-high-70-by-end-of-march-696-795-574-483-322-319-847,185387,True,price_ladder,纳入
us-forces-seize-another-venezuela-linked-oil-ship-by-january-9-2026-785,183544,True,flows_sanctions,纳入
will-crude-oil-cl-hit-low-55-by-end-of-march-636-962-469-326-685-977-449-282-342-385-842,183354,True,price_ladder,纳入
will-80-ships-transit-the-strait-of-hormuz-on-any-day-by-april-30,176948,True,supply_risk,纳入
will-crude-oil-cl-hit-high-120-by-march-13-158-957,175906,True,price_ladder,纳入
will-crude-oil-cl-hit-high-90-by-end-of-june-912-381,174804,True,price_ladder,纳入
will-20-ships-transit-the-strait-of-hormuz-on-any-day-in-march,169306,True,supply_risk,纳入
lol-tt-lng-2026-02-11-game3,160998,True,gas_lng,纳入
lol-blg-lng-2025-12-22,160373,True,gas_lng,纳入
will-there-be-between-10-and-20-average-daily-transits-of-the-strait-of-hormuz-on-march-31,160331,True,supply_risk,纳入
lol-lng-lgd-2026-01-21-game2,160004,True,gas_lng,纳入
will-trump-agree-to-iranian-oil-sanction-relief-in-april,156797,True,flows_sanctions,纳入
lol-omg-lng-2026-01-28,156714,True,gas_lng,纳入
will-crude-oil-cl-hit-low-90-by-end-of-june-629-845,156026,True,price_ladder,纳入
will-crude-oil-cl-settle-at-90-in-march,155983,True,price_ladder,纳入
lol-lng-wb-2025-12-23,153553,True,gas_lng,纳入
will-france-send-warships-through-the-strait-of-hormuz-by-april-30-2026,150701,True,supply_risk,纳入
nhl-playoffs-who-will-win-series-ducks-vs-oilers,150509,False,,排除：NHL 埃德蒙顿油人队 Edmonton Oilers
trump-renames-straight-of-hormuz-to-strait-of-trump-by-may-31,149855,True,supply_risk,纳入
will-crude-oil-cl-hit-high-130-by-end-of-june,149417,True,price_ladder,纳入
will-japan-send-warships-through-the-strait-of-hormuz-by-april-30-2026,147566,True,supply_risk,纳入
will-60-ships-transit-the-strait-of-hormuz-on-any-day-by-april-30,146976,True,supply_risk,纳入
lol-lng-tt-2026-03-28-game1,145723,True,gas_lng,纳入
lol-omg-lng-2026-04-24-game2,145245,True,gas_lng,纳入
lol-omg-lng-2026-04-24-game1,142708,True,gas_lng,纳入
will-crude-oil-cl-hit-high-100-by-march-20,142211,True,price_ladder,纳入
lol-up-lng-2026-01-27,140953,True,gas_lng,纳入
will-saudi-aramco-be-the-largest-company-in-the-world-by-market-cap-on-june-30,140892,False,,排除：市值排名（Aramco 是标的之一）
will-there-be-between-30-and-40-average-daily-transits-of-the-strait-of-hormuz-on-march-31,140435,True,supply_risk,纳入
will-the-netherlands-send-warships-through-the-strait-of-hormuz-by-april-30-2026,137644,True,supply_risk,纳入
will-wti-crude-oil-wti-hit-low-85-in-april-923-258,135218,True,price_level,纳入
will-crude-oil-cl-settle-at-75-80-in-march-416,134664,True,price_ladder,纳入
will-crude-oil-cl-hit-high-105-by-march-13-518-745-483,132361,True,price_ladder,纳入
lol-lng-lgd-2026-01-21-game1,131012,True,gas_lng,纳入
will-us-crude-oil-reserves-fall-to-200m-by-may-1,130517,True,fundamentals,纳入
will-saudi-aramco-be-the-largest-company-in-the-world-by-market-cap-on-february-28,127227,False,,排除：市值排名（Aramco 是标的之一）
will-there-be-between-40-and-50-average-daily-transits-of-the-strait-of-hormuz-on-march-31,126248,True,supply_risk,纳入
us-x-iran-ceasefire-before-oil-hits-120,124858,True,price_level,纳入
will-40-ships-transit-the-strait-of-hormuz-on-any-day-by-april-30,124677,True,supply_risk,纳入
will-saudi-aramco-be-the-largest-company-in-the-world-by-market-cap-on-december-31-584,121821,False,,排除：市值排名（Aramco 是标的之一）
lol-tt-lng-2026-02-11,119271,True,gas_lng,纳入
will-crude-oil-cl-hit-low-85-by-end-of-june-149,116729,True,price_ladder,纳入
lol-lng-tt-2026-03-28-game2,114566,True,gas_lng,纳入
will-india-send-warships-through-the-strait-of-hormuz-by-april-30-2026,113679,True,supply_risk,纳入
lol-omg-lng-2025-12-28-game3,113181,True,gas_lng,纳入
lol-ig1-lng-2026-01-02-game3,112585,True,gas_lng,纳入
us-seizes-an-iran-linked-oil-tanker-by-feb-28,112517,True,supply_risk,纳入
will-wti-crude-oil-wti-hit-low-20-in-april-957-719-994-496-352-714,112276,True,price_level,纳入
lol-omg-lng-2025-12-28-game2,111953,True,gas_lng,纳入
will-iran-close-the-strait-of-hormuz-by-january-31,111583,True,supply_risk,纳入
lol-omg-lng-2026-01-28-game2,110940,True,gas_lng,纳入
lol-omg-lng-2026-01-28-game1,110925,True,gas_lng,纳入
will-saudi-aramco-be-the-second-largest-company-in-the-world-by-market-cap-on-february-28,107450,False,,排除：市值排名（Aramco 是标的之一）
will-the-kharg-island-oil-terminal-be-hit-in-june,107221,True,supply_risk,纳入
will-crude-oil-cl-hit-high-75-by-end-of-june-529-564,106245,True,price_ladder,纳入
will-iran-strike-gulf-oil-facilities-before-july,105126,True,supply_risk,纳入
will-crude-oil-cl-settle-at-85-90-in-march,105030,True,price_ladder,纳入
will-donald-trump-announce-that-the-united-states-blockade-of-the-strait-of-hormuz-has-been-lifted-by-april-13-2026,104469,True,supply_risk,纳入
will-the-edmonton-oilers-win-the-2025-presidents-trophy,103713,False,,排除：NHL 埃德蒙顿油人队 Edmonton Oilers
lol-lng-omg-2026-01-16,103370,True,gas_lng,纳入
will-pakistan-send-warships-through-the-strait-of-hormuz-by-april-30-2026,103067,True,supply_risk,纳入
will-wti-crude-oil-wti-hit-low-80-in-april-945-243,101923,True,price_level,纳入
will-trump-say-tanker-during-kentucky-visit,101471,True,supply_risk,纳入
will-israel-target-an-iranian-oil-or-gas-facility,100596,True,supply_risk,纳入
lol-lng-up-2026-01-16-game2,99440.3,True,gas_lng,纳入
will-crude-oil-cl-hit-low-60-by-end-of-june-529,98108.2,True,price_ladder,纳入
will-crude-oil-cl-hit-low-70-by-end-of-june-776-556-989-392-677-842-888-775-665,97528.9,True,price_ladder,纳入
will-crude-oil-cl-settle-at-65-70-in-march-453,96982.7,True,price_ladder,纳入
will-crude-oil-cl-hit-high-105-by-end-of-june-972-854-819,96871,True,price_ladder,纳入
will-wti-reach-115-by-march-30-2026,96579.1,True,price_level,纳入
lol-up-lng-2025-12-15,96515.6,True,gas_lng,纳入
lol-lng-wb-2025-12-23-game2,95734.3,True,gas_lng,纳入
will-donald-trump-announce-that-the-united-states-blockade-of-the-strait-of-hormuz-has-been-lifted-by-april-18-2026-229,95402.4,True,supply_risk,纳入
lol-ig1-lng-2026-01-02-game1,95379.1,True,gas_lng,纳入
nhl-playoffs-oilers-vs-kings-to-advance,94056.6,False,,排除：NHL 埃德蒙顿油人队 Edmonton Oilers
will-wti-crude-oil-wti-hit-low-90-in-april-354-568-277-731,92615.6,True,price_level,纳入
will-trump-say-hormuz-during-address-to-the-nation,92459.9,True,supply_risk,纳入
will-there-be-between-10-and-20-average-daily-transits-of-the-strait-of-hormuz-on-april-3,92254.2,True,supply_risk,纳入
lol-up-lng-2026-01-27-game2,89247.1,True,gas_lng,纳入
will-arko-petroleum-corps-market-cap-be-between-800m-and-850m-at-market-close-on-ipo-day,88856.6,False,,排除：市值排名（Aramco 是标的之一）
ukraine-agrees-to-resume-russian-natural-gas-transit-in-january,87868.7,True,gas_lng,纳入
lol-up-lng-2026-01-27-game1,87107.5,True,gas_lng,纳入
will-crude-oil-cl-hit-low-80-by-end-of-june-412,87105.7,True,price_ladder,纳入
league-of-legends-ninjas-in-pyjamas-vs-lng-esports,86847.8,False,,排除：电竞战队 LNG Esports
will-germany-send-warships-through-the-strait-of-hormuz-by-april-30-2026,86510.8,True,supply_risk,纳入
will-wti-crude-oil-wti-hit-high-95-in-april-181,85646.6,True,price_level,纳入
lol-lng-jdg-2025-12-21,84163.6,True,gas_lng,纳入
lol-lgd-lng-2026-02-01-game2,83231.6,True,gas_lng,纳入
lol-lng-jdg-2025-12-21-game2,82885.5,True,gas_lng,纳入
lol-blg-lng-2025-12-22-game2,82747.7,True,gas_lng,纳入
will-wti-crude-oil-wti-hit-high-100-in-april-918-164-192-591-829-393-885,82649.9,True,price_level,纳入
lol-lng-jdg-2025-12-21-game1,81998.2,True,gas_lng,纳入
will-iran-strike-gulf-oil-facilities-by-march-31,80935.9,True,supply_risk,纳入
lol-lng-up-2026-01-16,78758.7,True,gas_lng,纳入
lol-frk-lng-2025-12-16,78505.1,True,gas_lng,纳入
will-italy-send-warships-through-the-strait-of-hormuz-by-april-30-2026,78465.2,True,supply_risk,纳入
will-80-ships-transit-the-strait-of-hormuz-on-any-day-in-march,77671.1,True,supply_risk,纳入
will-trump-impose-tariff-on-oil-from-mexico-or-canada-by-next-friday,77240.6,True,flows_sanctions,纳入
will-wti-crude-oil-wti-hit-low-40-in-april-591-462-891-449-549-816,76138.3,True,price_level,纳入
will-45-or-more-ships-transit-the-strait-of-hormuz-between-march-30-april-5,76050.3,True,supply_risk,纳入
lol-ig1-lng-2026-01-02-game2,75776.9,True,gas_lng,纳入
lol-blg-lng-2025-12-22-game1,75299.8,True,gas_lng,纳入
lol-omg-lng-2025-12-24-game2,75023.2,True,gas_lng,纳入
israel-strikes-iranian-oil-in-2024,74601.1,True,supply_risk,纳入
us-forces-seize-another-oil-ship-by-january-16-2026,73295.8,True,flows_sanctions,纳入
will-crude-oil-cl-settle-at-80-85-in-march,72348.5,True,price_ladder,纳入
will-lng-cng-be-the-next-president-of-vietnam,70370.6,True,gas_lng,纳入
nord-stream-pipeline-turned-on-in-2025,69742.3,True,gas_lng,纳入
lol-lgd-lng-2026-02-01-game1,69038.3,True,gas_lng,纳入
qatarenergy-resumes-lng-production-by-march-14,68862.1,True,gas_lng,纳入
lol-lng-omg-2026-01-16-game1,68825.9,True,gas_lng,纳入
lol-lng-wb-2025-12-23-game1,66920.5,True,gas_lng,纳入
will-20-24-ships-transit-the-strait-of-hormuz-between-march-10-16,66597.7,True,supply_risk,纳入
lol-we-lng-2025-12-17-game2,66110.7,True,gas_lng,纳入
lol-tt-lng-2026-02-11-game1,63236.8,True,gas_lng,纳入
will-wti-crude-oil-wti-hit-high-90-in-april-121-732-793-791-899-439-511-364,63158,True,price_level,纳入
league-of-legends-thundertalk-gaming-vs-lng-esports,61629,False,,排除：电竞战队 LNG Esports
will-wti-crude-oil-wti-hit-low-90-in-april-995,61229.6,True,price_level,纳入
will-donald-trump-say-energy-10-or-more-times-during-his-north-carolina-speech,61050.7,False,,排除：发言用词竞猜（讲话里会不会说某个词）
league-of-legends-ultra-prime-vs-lng-esports,60186,False,,排除：电竞战队 LNG Esports
will-lng-tam-quang-be-the-next-prime-minister-of-vietnam,59800.8,True,gas_lng,纳入
will-crude-oil-cl-hit-low-55-by-end-of-june,59615.2,True,price_ladder,纳入
will-crude-oil-cl-hit-high-80-by-end-of-june-193-569,59127.8,True,price_ladder,纳入
will-the-panthers-beat-the-oilers-4-1,58917.5,False,,排除：NHL 埃德蒙顿油人队 Edmonton Oilers
will-wti-crude-oil-wti-hit-low-30-in-april-994-415-499-177-473-974-618-488,58537.5,True,price_level,纳入
lol-omg-lng-2025-12-24-game1,57726.2,True,gas_lng,纳入
us-forces-seize-another-oil-tanker-by-february-14-2026,56599.3,True,supply_risk,纳入
will-60-ships-transit-the-strait-of-hormuz-on-any-day-in-march,56443.4,True,supply_risk,纳入
will-there-be-between-50-and-60-average-daily-transits-of-the-strait-of-hormuz-on-march-31,56197.5,True,supply_risk,纳入
will-40-ships-transit-the-strait-of-hormuz-on-any-day-in-march,55356.4,True,supply_risk,纳入
lol-we-lng-2025-12-17-game1,54561,True,gas_lng,纳入
will-crude-oil-cl-hit-low-50-by-end-of-june,54095.6,True,price_ladder,纳入
will-crude-oil-cl-hit-high-110-by-march-20,53477,True,price_ladder,纳入
will-the-us-seize-an-iranian-oil-tanker-by-feb-28,53276.1,True,supply_risk,纳入
will-lng-esports-win-lol-worlds-2024,53265.2,False,,排除：电竞战队 LNG Esports
will-crude-oil-cl-hit-high-105-by-march-20,52371.4,True,price_ladder,纳入
will-greece-send-warships-through-the-strait-of-hormuz-by-april-30-2026,51974.9,True,supply_risk,纳入
will-us-crude-oil-reserves-fall-to-350m-by-may-1,51841.7,True,fundamentals,纳入
will-iran-strike-gulf-oil-facilities-in-october,51814,True,supply_risk,纳入
will-canada-send-warships-through-the-strait-of-hormuz-by-april-30-2026,51332.5,True,supply_risk,纳入
lol-up-lng-2025-12-15-game1,50903.4,True,gas_lng,纳入
will-us-crude-oil-reserves-fall-to-375m-by-may-1,49817.1,True,fundamentals,纳入
edmonton-oilers-win-the-2024-stanley-cup,49817,False,,排除：NHL 埃德蒙顿油人队 Edmonton Oilers
will-there-be-between-20-and-30-average-daily-transits-of-the-strait-of-hormuz-on-march-31,49814.3,True,supply_risk,纳入
league-of-legends-lng-esports-vs-edward-gaming,49365.4,False,,排除：电竞战队 LNG Esports
will-crude-oil-cl-hit-low-40-by-end-of-june,49239.9,True,price_ladder,纳入
wti-up-or-down-on-april-21-2026,49036.2,True,price_level,纳入
league-of-legends-lng-esports-vs-ninjas-in-pyjamas,48977.7,False,,排除：电竞战队 LNG Esports
league-of-legends-lgd-gaming-vs-lng-esports,48659.8,False,,排除：电竞战队 LNG Esports
qatarenergy-announcesresumes-lng-production-in-qatar-by-april-30,48558.4,True,gas_lng,纳入
will-the-edmonton-oilers-win-the-western-conference-853,48109.4,False,,排除：NHL 埃德蒙顿油人队 Edmonton Oilers
will-donald-trump-say-oil-during-his-mar-a-lago-press-conference-on-venezuela-on-saturday-738,47653.1,False,,排除：发言用词竞猜（讲话里会不会说某个词）
us-forces-seize-another-venezuela-linked-oil-ship-by-december-n1p3-613,47573.9,True,flows_sanctions,纳入
will-80-or-more-ships-transit-the-strait-of-hormuz-between-april-13-april-19-362,47268.2,True,supply_risk,纳入
will-15-19-ships-transit-the-strait-of-hormuz-between-march-17-23,47250.7,True,supply_risk,纳入
us-forces-seize-another-oil-tanker-by-march-31,46767.5,True,supply_risk,纳入
will-crude-oil-cl-hit-high-140-by-march-20,45526,True,price_ladder,纳入
wti-up-or-down-on-april-27-2026,43650.3,True,price_level,纳入
will-israel-or-the-us-target-an-iranian-oil-or-gas-facility-716,43257.1,True,supply_risk,纳入
us-forces-seize-another-venezuela-linked-oil-ship-by-january-16-2026-447-517,42940.6,True,flows_sanctions,纳入
will-crude-oil-cl-settle-at-60-65-in-march-449,42541.3,True,price_ladder,纳入
us-forces-seize-another-oil-tanker-by-april-15,42322.7,True,supply_risk,纳入
will-there-be-between-20-and-30-average-daily-transits-of-the-strait-of-hormuz-on-april-3,42274.3,True,supply_risk,纳入
will-brentford-be-relegated-from-the-english-premier-league-after-the-202526-season,41817.2,False,,排除：英超球队 Brentford FC
wti-up-or-down-on-april-13-2026,41665,True,price_level,纳入
will-the-edmonton-oilers-win-the-pacific-division-823,41504.5,False,,排除：NHL 埃德蒙顿油人队 Edmonton Oilers
wti-up-or-down-on-april-23-2026,41090.4,True,price_level,纳入
will-35-39-ships-transit-the-strait-of-hormuz-between-march-10-16,41035.3,True,supply_risk,纳入
will-wti-crude-oil-settle-at-8090-on-april-8-252,40986,True,price_level,纳入
will-45-or-more-ships-transit-the-strait-of-hormuz-between-march-17-23,39998.6,True,supply_risk,纳入
will-60-or-more-ships-transit-the-strait-of-hormuz-between-april-6-april-12,39904.6,True,supply_risk,纳入
league-of-legends-lng-esports-vs-lgd-gaming,39555.3,False,,排除：电竞战队 LNG Esports
will-brentford-win-the-202526-english-premier-league,39296.6,False,,排除：英超球队 Brentford FC
will-crude-oil-cl-settle-at-60-in-march,39063.8,True,price_ladder,纳入
will-crude-oil-cl-hit-low-80-by-march-13-793-685-412,37996.9,True,price_ladder,纳入
will-saudi-aramco-be-the-third-largest-company-in-the-world-by-market-cap-on-january-31,37585,False,,排除：市值排名（Aramco 是标的之一）
will-10-ships-transit-the-strait-of-hormuz-on-any-day-april-812,37420.2,True,supply_risk,纳入
will-there-be-60-or-more-average-daily-transits-of-the-strait-of-hormuz-on-march-31,37315.2,True,supply_risk,纳入
lol-up-lng-2025-12-15-game2,36936.9,True,gas_lng,纳入
edmonton-oilers-longest-winning-streak-in-nhl-history-17-games,36904.6,False,,排除：NHL 埃德蒙顿油人队 Edmonton Oilers
will-us-crude-oil-reserves-fall-to-300m-by-may-1,36848.9,True,fundamentals,纳入
us-forces-seize-another-oil-tanker-by-march-7,35949.2,True,supply_risk,纳入
us-seizes-an-iran-linked-oil-tanker-by-march-7,35608.1,True,supply_risk,纳入
will-crude-oil-cl-hit-low-90-by-march-20,35495.3,True,price_ladder,纳入
lol-omg-lng-2025-12-28-total-games-4pt5,35489.7,True,gas_lng,纳入
will-25-29-ships-transit-the-strait-of-hormuz-between-march-10-16,34918.1,True,supply_risk,纳入
lol-lng-omg-2026-01-16-game2,34778.1,True,gas_lng,纳入
french-forces-seize-another-oil-tanker-by-feb-28,34579,True,supply_risk,纳入
will-iran-strike-gulf-oil-facilities-before-september,34145,True,supply_risk,纳入
will-wti-crude-oil-settle-at-100110-on-april-8,34023.7,True,price_level,纳入
will-crude-oil-cl-hit-low-70-by-march-13-323-755-644,33956.4,True,price_ladder,纳入
will-15-19-ships-transit-the-strait-of-hormuz-between-march-10-16,33729,True,supply_risk,纳入
us-forces-seize-another-venezuela-linked-oil-ship-by-january-10-2026,33153.5,True,flows_sanctions,纳入
will-us-crude-oil-reserves-fall-to-325m-by-may-1,32630.3,True,fundamentals,纳入
will-crude-oil-cl-hit-low-52-by-end-of-june,32489.6,True,price_ladder,纳入
wti-up-or-down-on-april-17-2026,32389,True,price_level,纳入
wti-up-or-down-on-april-22-2026,31472.2,True,price_level,纳入
will-trump-nominate-doug-burgum-for-energy-secretary,30579.9,False,,排除：人事提名，非商品市场
will-there-be-between-0-and-10-average-daily-transits-of-the-strait-of-hormuz-on-april-3,29918.7,True,supply_risk,纳入
will-trump-say-oil-or-gas-3-times-during-address-to-the-nation,29789.3,False,,排除：发言用词竞猜（讲话里会不会说某个词）
will-arko-petroleum-corps-market-cap-be-between-850m-and-900m-at-market-close-on-ipo-day,29770.7,False,,排除：市值排名（Aramco 是标的之一）
will-israel-or-the-us-target-an-iranian-oil-or-gas-facility-786,29607,True,supply_risk,纳入
will-iran-strike-mina-al-ahmadi-refinery-by-march-31,29148,True,supply_risk,纳入
will-donald-trump-announce-that-the-united-states-blockade-of-the-strait-of-hormuz-has-been-lifted-by-may-15-2026-154,28783.8,True,supply_risk,纳入
will-iran-strike-al-zour-refinery-by-march-31,28513,True,supply_risk,纳入
india-agrees-to-reduce-purchases-russian-oil-by-september-30,28385.9,True,flows_sanctions,纳入
will-fewer-than-10-ships-transit-the-strait-of-hormuz-between-march-10-16,28247.8,True,supply_risk,纳入
india-agrees-to-reduce-purchases-russian-oil-by-august-31,28163.1,True,flows_sanctions,纳入
will-wti-crude-oil-wti-hit-high-95-in-april-524,27341.2,True,price_level,纳入
will-crude-oil-cl-hit-low-80-by-march-20-191,27176.7,True,price_ladder,纳入
will-donald-trump-say-energy-during-crypto-summit-on-friday,26818.9,False,,排除：发言用词竞猜（讲话里会不会说某个词）
wti-closes-above-92-on-april-21-2026,26591.5,True,price_level,纳入
will-trump-say-kharg-or-island-during-address-to-the-nation,26330.9,True,supply_risk,纳入
lol-lng-up-2026-01-16-game1,26302.9,True,gas_lng,纳入
ukraine-strikes-another-tanker-in-black-sea-by-january-15-2026,26290.4,True,supply_risk,纳入
us-forces-seize-another-oil-ship-by-january-31-2026,26152.3,True,flows_sanctions,纳入
will-trump-say-ai-or-artificial-intelligence-during-the-energy-and-innovation-summit-on-july-15,26111.2,False,,排除：发言用词竞猜（讲话里会不会说某个词）
will-the-oilers-beat-the-panthers-4-2,25961,False,,排除：NHL 埃德蒙顿油人队 Edmonton Oilers
will-iran-strike-mina-al-ahmadi-refinery-by-april-30,25551.1,True,supply_risk,纳入
will-crude-oil-cl-hit-high-120-by-march-20,25448.6,True,price_ladder,纳入
will-the-oilers-beat-the-panthers-4-0-567,25253.7,False,,排除：NHL 埃德蒙顿油人队 Edmonton Oilers
will-20-ships-transit-the-strait-of-hormuz-on-any-day-april-812,25239.3,True,supply_risk,纳入
will-iran-strike-ruwais-refinery-by-march-31,24845.4,True,supply_risk,纳入
wti-up-or-down-on-april-24-2026,24316.4,True,price_level,纳入
will-trump-say-oil-or-gas-3-times-during-the-2026-state-of-the-union-address-253-922,23950,False,,排除：发言用词竞猜（讲话里会不会说某个词）
will-crude-oil-cl-hit-high-65-by-end-of-june-589-376,23894,True,price_ladder,纳入
lol-we-lng-2026-02-11-game-handicap-home-1pt5,23844.7,True,gas_lng,纳入
will-crude-oil-cl-hit-low-75-by-march-13-797-448-955,23743.6,True,price_ladder,纳入
us-forces-seize-another-venezuela-linked-oil-ship-by-january-31-2026-996-176,23582.2,True,flows_sanctions,纳入
lol-frk-lng-2025-12-16-game2,23236.6,True,gas_lng,纳入
us-forces-seize-another-oil-tanker-by-january-25-2026,23226.2,True,supply_risk,纳入
will-wti-reach-100-by-april-20-2026,22919.3,True,price_level,纳入
will-20-24-ships-transit-the-strait-of-hormuz-between-march-17-23,22838.9,True,supply_risk,纳入
lol-lng-tt-2026-03-28-game-handicap-away-1pt5,22606,True,gas_lng,纳入
will-wti-crude-oil-settle-at-90100-on-april-8-118,22310,True,price_level,纳入
julie-masino-out-as-cracker-barrel-ceo-in-2025,22137.8,False,,排除：餐饮公司 Cracker Barrel
will-fewer-than-25-ships-transit-the-strait-of-hormuz-between-april-20-april-26,21630.5,True,supply_risk,纳入
will-crude-oil-cl-hit-low-70-by-march-20-338,21453.7,True,price_ladder,纳入
lol-up-lng-2026-01-27-game-handicap-home-1pt5,21335.2,True,gas_lng,纳入
league-of-legends-edward-gaming-vs-lng-esports,21261.4,False,,排除：电竞战队 LNG Esports
will-there-be-60-or-more-average-daily-transits-of-the-strait-of-hormuz-on-april-30-965,21250.7,True,supply_risk,纳入
will-40-44-ships-transit-the-strait-of-hormuz-between-march-10-16,20795.8,True,supply_risk,纳入
will-there-be-between-0-and-10-average-daily-transits-of-the-strait-of-hormuz-on-april-30-753,20770.2,True,supply_risk,纳入
wti-up-or-down-on-april-28-2026,20397,True,price_level,纳入
will-crude-oil-cl-hit-high-70-by-end-of-june-848-884,20385.1,True,price_ladder,纳入
will-crude-oil-cl-hit-low-45-by-end-of-june,20072.8,True,price_ladder,纳入
will-trump-say-oil-15-times-during-oil-executive-meetings-on-friday,19683.8,False,,排除：发言用词竞猜（讲话里会不会说某个词）
will-10-14-ships-transit-the-strait-of-hormuz-between-march-10-16,19419.9,True,supply_risk,纳入
wti-up-or-down-on-april-8-2026,18999.4,True,price_level,纳入
will-brent-rooker-win-the-2025-mlb-home-run-derby,18819.5,False,,排除：体育赛事（球队名里含 oil/brent）
wti-up-or-down-on-april-20-2026,18754.4,True,price_level,纳入
will-40-49-ships-transit-the-strait-of-hormuz-between-april-6-april-12,18720.9,True,supply_risk,纳入
will-50-74-ships-transit-the-strait-of-hormuz-between-april-20-april-26,18344.2,True,supply_risk,纳入
will-25-49-ships-transit-the-strait-of-hormuz-between-april-20-april-26,18331.9,True,supply_risk,纳入
will-iran-strike-abqaiq-oil-processing-facility-by-march-31,18234.5,True,supply_risk,纳入
will-the-7-day-moving-average-of-strait-of-hormuz-transits-be-between-12-and-15-on-april-19-2026,17943.5,True,supply_risk,纳入
will-israel-or-the-us-target-an-iranian-oil-or-gas-facility,17584.9,True,supply_risk,纳入
chris-wright-confirmed-as-secretary-of-energy,17446.1,False,,排除：人事任免，非商品市场
lol-omg-lng-2025-12-28-total-games-3pt5,17186.5,True,gas_lng,纳入
will-75-99-ships-transit-the-strait-of-hormuz-between-april-20-april-26,17088,True,supply_risk,纳入
will-crude-oil-cl-settle-at-70-75-in-march-528,16963.6,True,price_ladder,纳入
will-iran-strike-eastwest-crude-oil-pipeline-by-april-30,16906.4,True,supply_risk,纳入
will-india-agree-to-stop-buying-russian-oil-by-august-31,16733.3,True,flows_sanctions,纳入
will-crude-oil-hit-100-in-2023,16584.9,True,price_level,纳入
will-venezuelan-crude-oil-production-reach-1m-barrels-per-day-in-2026,16514.6,True,fundamentals,纳入
will-wti-reach-120-by-april-6-2026,16468.6,True,price_level,纳入
will-india-agree-to-stop-buying-russian-oil-by-september-30,16349.4,True,flows_sanctions,纳入
will-crude-oil-cl-hit-low-35-by-end-of-june,16340.7,True,price_ladder,纳入
will-trump-say-oil-gas-gasoline-at-the-nrcc-dinner-on-march-25-143,16207.7,False,,排除：发言用词竞猜（讲话里会不会说某个词）
will-fewer-than-10-ships-transit-the-strait-of-hormuz-between-march-17-23,16198.8,True,supply_risk,纳入
will-wti-dip-to-80-by-april-13-2026,16184.5,True,price_level,纳入
us-forces-seize-another-oil-ship-by-january-24-2026,16141.9,True,flows_sanctions,纳入
will-brentford-finish-in-2nd-place-in-the-2025-26-english-premier-league,16112.3,False,,排除：英超球队 Brentford FC
us-forces-seize-another-oil-tanker-by-january-31-2026,15977.8,True,supply_risk,纳入
will-liverpool-beat-brentford,15630.8,False,,排除：英超球队 Brentford FC
league-of-legends-lng-esports-vs-thundertalk-gaming,15582,False,,排除：电竞战队 LNG Esports
will-manchester-city-beat-brentford,15501.2,False,,排除：英超球队 Brentford FC
lol-tt-lng-2026-02-11-game2-kill-over-31pt5,15401,True,gas_lng,纳入
will-trump-say-hormuz-during-memphis-roundtable-373,15394.2,False,,排除：发言用词竞猜（讲话里会不会说某个词）
ukraine-strikes-another-tanker-in-black-sea-by-december-31-143,15373.4,True,supply_risk,纳入
stanley-cup-winner-panthers-vs-oilers,15336.2,False,,排除：NHL 埃德蒙顿油人队 Edmonton Oilers
lol-frk-lng-2025-12-16-game1,15234.6,True,gas_lng,纳入
will-saudi-aramco-be-the-largest-company-in-the-world-by-market-cap-on-april-30,15208.7,False,,排除：市值排名（Aramco 是标的之一）
will-wti-dip-to-90-by-april-6-2026,15102.5,True,price_level,纳入
will-trump-say-strait-or-hormuz-during-events-with-rutte,15087.7,True,supply_risk,纳入
will-trump-say-crypto-or-bitcoin-during-the-energy-and-innovation-summit-on-july-15,14621,False,,排除：发言用词竞猜（讲话里会不会说某个词）
us-seizes-an-iran-linked-oil-tanker-by-march-15,14478.8,True,supply_risk,纳入
us-forces-seize-another-oil-tanker-by-february-28-2026-658,14325.9,True,supply_risk,纳入
ukraine-strikes-another-tanker-in-black-sea-by-december-31-2025,13894,True,supply_risk,纳入
will-30-34-ships-transit-the-strait-of-hormuz-between-march-10-16,13515.7,True,supply_risk,纳入
wti-up-or-down-on-april-6-2026,13491.6,True,price_level,纳入
will-trump-say-oil-5-times-during-cnbc-interview,13480.5,False,,排除：发言用词竞猜（讲话里会不会说某个词）
will-trump-say-invest-or-investment-during-oil-executive-meetings-on-friday,13425,False,,排除：发言用词竞猜（讲话里会不会说某个词）
will-iran-strike-ruwais-refinery-by-april-30,13397.1,True,supply_risk,纳入
will-sarahs-oil-score-at-least-80-on-the-rotten-tomatoes-tomatometer,13281.9,False,,关键词命中但不属于任何已定义主题（待人工复核）
will-fewer-than-20-ships-transit-the-strait-of-hormuz-between-april-6-april-12,13273,True,supply_risk,纳入
will-20-29-ships-transit-the-strait-of-hormuz-between-april-6-april-12,13266.5,True,supply_risk,纳入
will-the-7-day-moving-average-of-strait-of-hormuz-transits-be-between-4-and-7-on-april-12-2026,13024.7,True,supply_risk,纳入
will-saudi-aramco-be-the-third-largest-company-in-the-world-by-market-cap-on-april-30,12903.8,False,,排除：市值排名（Aramco 是标的之一）
will-the-oilers-beat-the-panthers-4-3-319,12899.2,False,,排除：NHL 埃德蒙顿油人队 Edmonton Oilers
will-the-panthers-beat-the-oilers-4-2,12895.6,False,,排除：NHL 埃德蒙顿油人队 Edmonton Oilers
will-brent-hennrich-advance-to-the-general-election-for-wa-03,12843.5,False,,关键词命中但不属于任何已定义主题（待人工复核）
will-us-crude-oil-reserves-fall-to-250m-by-may-1,12808.6,True,fundamentals,纳入
us-forces-seize-another-oil-tanker-by-february-28-2026-116,12443,True,supply_risk,纳入
us-forces-seize-another-venezuela-linked-oil-ship-by-december-23,12430.9,True,flows_sanctions,纳入
will-wti-crude-oil-wti-hit-high-95-in-april-399,12395,True,price_level,纳入
will-wti-reach-115-by-april-6-2026,12381.7,True,price_level,纳入
will-40-44-ships-transit-the-strait-of-hormuz-between-march-17-23,12035.2,True,supply_risk,纳入
lol-up-lng-2025-12-15-total-games-2pt5,11920.6,True,gas_lng,纳入
will-iran-strike-abqaiq-oil-processing-facility-by-april-30,11856.1,True,supply_risk,纳入
will-wti-reach-125-by-april-6-2026,11838.1,True,price_level,纳入
will-solv-energy-incs-market-cap-be-between-5pt0b-and-5pt4b-at-market-close-on-ipo-day,11533.4,False,,排除：市值排名（Aramco 是标的之一）
will-saudi-arabia-boost-oil-production-in-q4,11498.1,False,,关键词命中但不属于任何已定义主题（待人工复核）
will-wti-crude-oil-wti-hit-high-90-in-april-338,11427.7,True,price_level,纳入
us-forces-seize-another-venezuela-linked-oil-ship-by-january-17-2026,11262.2,True,flows_sanctions,纳入
will-trump-say-barrel-during-cnbc-interview,11098.8,False,,关键词命中但不属于任何已定义主题（待人工复核）
will-powell-say-energy-during-june-press-conference,10952.1,False,,排除：发言用词竞猜（讲话里会不会说某个词）
will-the-panthers-beat-the-oilers-4-3,10920.9,False,,排除：NHL 埃德蒙顿油人队 Edmonton Oilers
will-crude-oil-cl-hit-low-47-by-end-of-june,10863,True,price_ladder,纳入
lol-tt-lng-2026-02-11-game-handicap-home-2pt5,10860.1,True,gas_lng,纳入
will-saudi-aramco-be-the-second-largest-company-in-the-world-by-market-cap-on-december-31,10824.6,False,,排除：市值排名（Aramco 是标的之一）
will-saudi-aramco-be-the-second-largest-company-in-the-world-by-market-cap-on-november-30,10492.9,False,,排除：市值排名（Aramco 是标的之一）
will-the-oilers-beat-the-panthers-4-1-851,10446.1,False,,排除：NHL 埃德蒙顿油人队 Edmonton Oilers
us-forces-seize-another-venezuela-linked-oil-ship-on-december-26,10337.2,True,flows_sanctions,纳入
will-trump-say-energy-during-c51-summit-on-november-6,10284.7,False,,排除：发言用词竞猜（讲话里会不会说某个词）
wti-up-or-down-on-april-9-2026,10193.6,True,price_level,纳入
will-30-39-ships-transit-the-strait-of-hormuz-between-april-6-april-12,10144.3,True,supply_risk,纳入
carabao-cup-newcastle-vs-brentford,10054.4,False,,排除：英超球队 Brentford FC
lol-omg-lng-2026-01-28-game-handicap-home-1pt5,10046.2,True,gas_lng,纳入
will-solv-energy-incs-market-cap-be-between-4pt6b-and-5pt0b-at-market-close-on-ipo-day,10031.3,False,,排除：市值排名（Aramco 是标的之一）
lol-we-lng-2026-02-11-game-handicap-home-2pt5,9860.61,True,gas_lng,纳入
will-brentford-beat-wolverhampton,9663.6,False,,排除：英超球队 Brentford FC
will-trump-say-million-billion-or-trillion-15-times-during-the-energy-and-innovation-summit-on-july-15,9662.46,False,,排除：发言用词竞猜（讲话里会不会说某个词）
will-30-ships-transit-the-strait-of-hormuz-on-any-day-april-812,9487.25,True,supply_risk,纳入
will-brentford-be-relegated,9427.63,False,,排除：英超球队 Brentford FC
will-the-7-day-moving-average-of-strait-of-hormuz-transits-be-less-than-4-on-april-12-2026,9422.05,True,supply_risk,纳入
will-150-or-more-ships-transit-the-strait-of-hormuz-between-april-20-april-26,9265.19,True,supply_risk,纳入
will-trump-say-oil-during-wednesday-speech,9235.87,False,,排除：发言用词竞猜（讲话里会不会说某个词）
will-trump-say-job-7-times-during-the-energy-and-innovation-summit-on-july-15,9177.88,False,,排除：发言用词竞猜（讲话里会不会说某个词）
ukraine-strikes-another-tanker-in-black-sea-by-december-19,9147.64,True,supply_risk,纳入
will-saudi-aramco-be-the-largest-company-in-the-world-by-market-cap-on-january-31,8980.8,False,,排除：市值排名（Aramco 是标的之一）
lol-omg-lng-2025-12-24-total-games-2pt5,8927.58,True,gas_lng,纳入
will-trump-say-lng-or-natural-gas-during-events-with-south-korean-president-on-august-25,8916.74,False,,排除：发言用词竞猜（讲话里会不会说某个词）
will-trump-say-hormuz-during-taoiseach-events,8841.41,True,supply_risk,纳入
will-trump-say-oil-or-gas-or-gasoline-5-times-during-the-detroit-speech-on-tuesday,8808.79,False,,排除：发言用词竞猜（讲话里会不会说某个词）
will-35-39-ships-transit-the-strait-of-hormuz-between-march-17-23,8775.15,True,supply_risk,纳入
will-trump-say-million-or-billion-or-trillion-12-times-during-oil-executive-meetings-on-friday,8708.59,False,,关键词命中但不属于任何已定义主题（待人工复核）
will-trump-say-biden-during-oil-executive-meetings-on-friday,8699.92,False,,排除：发言用词竞猜（讲话里会不会说某个词）
us-forces-seize-another-oil-tanker-by-february-21-2026,8520.85,True,supply_risk,纳入
will-arko-petroleum-corps-market-cap-be-between-750m-and-800m-at-market-close-on-ipo-day,8441.85,False,,排除：市值排名（Aramco 是标的之一）
will-trump-say-hormuz-this-week-march-22,8429.33,True,supply_risk,纳入
will-crude-oil-cl-hit-high-75-by-end-of-february,8262.79,True,price_ladder,纳入
will-there-be-between-10-and-20-average-daily-transits-of-the-strait-of-hormuz-on-april-30-633,8215.39,True,supply_risk,纳入
us-forces-seize-another-venezuela-linked-oil-ship-on-december-25,8176.73,True,flows_sanctions,纳入
will-10-14-ships-transit-the-strait-of-hormuz-between-march-17-23,8077.3,True,supply_risk,纳入
will-solv-energy-incs-market-cap-be-between-3pt8b-and-4pt2b-at-market-close-on-ipo-day,8056.12,False,,排除：市值排名（Aramco 是标的之一）
will-the-7-day-moving-average-of-strait-of-hormuz-transits-be-between-8-and-11-on-april-12-2026,8007.36,True,supply_risk,纳入
will-saudi-aramco-be-the-largest-company-in-the-world-by-market-cap-on-november-30,7969.07,False,,排除：市值排名（Aramco 是标的之一）
will-any-major-iranian-oil-refinery-be-taken-out-by-nov-30,7954.54,True,supply_risk,纳入
will-trump-say-hormuz-during-cabinet-meeting-on-march-26,7714.31,True,supply_risk,纳入
will-lng-esports-win-the-lpl-2026-season,7692.77,False,,排除：电竞战队 LNG Esports
will-60-ships-transit-the-strait-of-hormuz-on-any-day-april-812,7682.58,True,supply_risk,纳入
will-crude-oil-cl-hit-high-66-by-end-of-february,7564.41,True,price_ladder,纳入
will-wti-crude-oil-settle-at-110-on-april-8,7509.33,True,price_level,纳入
will-40-ships-transit-the-strait-of-hormuz-on-any-day-april-812,7432.42,True,supply_risk,纳入
will-the-panthers-beat-the-oilers-4-0,7400.56,False,,排除：NHL 埃德蒙顿油人队 Edmonton Oilers
will-20-24-ships-transit-the-strait-of-hormuz-between-march-23-29,7389.28,True,supply_risk,纳入
will-solv-energy-incs-market-cap-be-between-4pt2b-and-4pt6b-at-market-close-on-ipo-day,7275.01,False,,排除：市值排名（Aramco 是标的之一）
wti-up-or-down-on-april-10-2026,7264.21,True,price_level,纳入
will-trump-nominate-dan-brouillette-for-energy-secretary,7236.53,False,,排除：人事提名，非商品市场
lol-ig1-lng-2026-01-02-total-games-3pt5,7206.74,True,gas_lng,纳入
wti-closes-above-96-on-april-24-2026,7151.19,True,price_level,纳入
lol-frk-lng-2025-12-16-total-games-2pt5,7146.98,True,gas_lng,纳入
will-crude-oil-cl-hit-low-85-by-march-20-147,7090.9,True,price_ladder,纳入
will-venezuelan-crude-oil-production-reach-1pt1m-barrels-per-day-in-2026,7085.88,True,fundamentals,纳入
will-trump-say-elon-during-the-energy-and-innovation-summit-on-july-15,7068.29,False,,排除：发言用词竞猜（讲话里会不会说某个词）
will-leavitt-say-hormuz-during-the-next-white-house-press-briefing-368,6999.59,False,,排除：发言用词竞猜（讲话里会不会说某个词）
wti-closes-above-90-on-april-21-2026,6992.56,True,price_level,纳入
will-powell-say-gold-or-oil-during-march-press-conference-257-974,6890.93,False,,排除：发言用词竞猜（讲话里会不会说某个词）
will-crystal-palace-beat-brentford,6862.53,False,,排除：英超球队 Brentford FC
will-trump-say-amazon-during-the-energy-and-innovation-summit-on-july-15,6749.92,False,,排除：发言用词竞猜（讲话里会不会说某个词）
will-iran-strike-al-zour-refinery-by-april-30,6648.51,True,supply_risk,纳入
will-opec-hike-production-by-next-meeting,6449.74,True,opec_supply,纳入
will-venezuelan-crude-oil-production-reach-1pt4m-barrels-per-day-in-2026,6432.33,True,fundamentals,纳入
wti-closes-above-95-on-april-24-2026,6372.41,True,price_level,纳入
lol-we-lng-2026-02-11-total-games-3pt5,6332.77,True,gas_lng,纳入
will-25-29-ships-transit-the-strait-of-hormuz-between-march-17-23,6241.61,True,supply_risk,纳入
will-wti-reach-105-by-april-20-2026,6211.57,True,price_level,纳入
will-trump-say-china-5-times-during-the-energy-and-innovation-summit-on-july-15,6208.19,False,,排除：发言用词竞猜（讲话里会不会说某个词）
will-powell-say-food-or-energy-3-times-during-march-press-conference,6191.76,False,,排除：发言用词竞猜（讲话里会不会说某个词）
will-trump-say-drill-or-drilling-during-oil-executive-meetings-on-friday,6166.95,False,,排除：发言用词竞猜（讲话里会不会说某个词）
will-50-59-ships-transit-the-strait-of-hormuz-between-april-6-april-12,6164.77,True,supply_risk,纳入
will-35-39-ships-transit-the-strait-of-hormuz-between-march-30-april-5,6151.25,True,supply_risk,纳入
will-saudi-aramco-be-the-second-largest-company-in-the-world-by-market-cap-on-april-30,6149.2,False,,排除：市值排名（Aramco 是标的之一）
will-trump-say-venezuela-7-times-during-oil-executive-meetings-on-friday,5981.8,False,,排除：发言用词竞猜（讲话里会不会说某个词）
will-wti-dip-to-85-by-april-6-2026,5892.75,True,price_level,纳入
will-starmer-say-oil-or-gas-during-the-next-prime-ministers-questions-event,5887.39,False,,排除：发言用词竞猜（讲话里会不会说某个词）
lol-lng-wb-2025-12-23-total-games-2pt5,5877.48,True,gas_lng,纳入
will-30-34-ships-transit-the-strait-of-hormuz-between-march-17-23,5869.14,True,supply_risk,纳入
will-saudi-aramco-be-the-largest-company-in-the-world-on-january-31,5865.32,False,,排除：市值排名（Aramco 是标的之一）
will-armed-only-with-a-camera-the-life-and-death-of-brent-renaud-win-best-documentary-short-film-at-the-98th-academy-awards-841,5735.89,False,,关键词命中但不属于任何已定义主题（待人工复核）
will-trump-say-sweet-or-crude-during-cnbc-squawk-box-appearance-on-april-21,5713.73,False,,关键词命中但不属于任何已定义主题（待人工复核）
will-trump-say-hormuz-during-the-fii-priority-summit,5706.07,False,,排除：发言用词竞猜（讲话里会不会说某个词）
us-forces-seize-another-venezuela-linked-oil-ship-on-december-31,5699.82,True,flows_sanctions,纳入
will-the-7-day-moving-average-of-strait-of-hormuz-transits-be-20-or-more-on-april-12-2026,5678.37,True,supply_risk,纳入
will-crude-oil-cl-hit-high-80-by-end-of-february,5601.05,True,price_ladder,纳入
will-trump-say-oil-5-times-during-monday-press-conference,5596.03,False,,排除：发言用词竞猜（讲话里会不会说某个词）
will-30-34-ships-transit-the-strait-of-hormuz-between-march-30-april-5,5563.51,True,supply_risk,纳入
will-the-7-day-moving-average-of-strait-of-hormuz-transits-be-between-12-and-15-on-april-12-2026,5491.04,True,supply_risk,纳入
us-forces-seize-another-venezuela-linked-oil-ship-on-december-24,5474.52,True,flows_sanctions,纳入
will-trump-say-atomic-energy-commission-in-february,5364.25,False,,排除：发言用词竞猜（讲话里会不会说某个词）
will-opec-cut-production-by-next-meeting,5310.6,True,opec_supply,纳入
will-wti-reach-95-by-april-20-2026,5302.08,True,price_level,纳入
will-trump-say-russia-or-russian-during-oil-executive-meetings-on-friday,5284.36,False,,排除：发言用词竞猜（讲话里会不会说某个词）
will-brentford-beat-crystal-palace,5151.74,False,,排除：英超球队 Brentford FC
stanley-cup-finals-game-1-panthers-vs-oilers-2024,5089.6,False,,排除：NHL 埃德蒙顿油人队 Edmonton Oilers
will-trump-say-nord-stream-or-pipeline-during-conference-with-putin-on-august-15,5089.21,False,,排除：发言用词竞猜（讲话里会不会说某个词）
will-us-crude-oil-reserves-fall-to-375m-by-june-5,5058.41,True,fundamentals,纳入
will-trump-say-maduro-or-dictator-during-oil-executive-meetings-on-friday,5041.86,False,,排除：发言用词竞猜（讲话里会不会说某个词）
will-trump-say-drill-baby-drill-during-the-energy-and-innovation-summit-on-july-15,4988.6,False,,排除：发言用词竞猜（讲话里会不会说某个词）
will-25-29-ships-transit-the-strait-of-hormuz-between-march-30-april-5,4979.51,False,supply_risk,"成交额 < 5,000 USDC，流动性不足"
us-forces-seize-another-venezuela-linked-oil-ship-by-january-31-2026,4951.08,False,flows_sanctions,"成交额 < 5,000 USDC，流动性不足"
will-wti-crude-oil-settle-at-7080-on-april-8-889,4950.03,False,price_level,"成交额 < 5,000 USDC，流动性不足"
will-40-49-ships-transit-the-strait-of-hormuz-between-april-13-april-19-371,4908.47,False,supply_risk,"成交额 < 5,000 USDC，流动性不足"
will-wti-dip-to-105-by-april-6-2026,4878.23,False,price_level,"成交额 < 5,000 USDC，流动性不足"
will-liverpool-vs-brentford-end-in-a-draw,4875.96,False,,排除：英超球队 Brentford FC
wti-closes-above-91-on-april-21-2026,4868.52,False,price_level,"成交额 < 5,000 USDC，流动性不足"
will-the-7-day-moving-average-of-strait-of-hormuz-transits-be-20-or-more-on-april-19-2026,4859.37,False,supply_risk,"成交额 < 5,000 USDC，流动性不足"
will-trump-say-gas-or-gasoline-during-the-black-history-month-reception,4846.43,False,,排除：发言用词竞猜（讲话里会不会说某个词）
will-jd-vance-say-hormuz-during-michigan-visit-119,4811.33,False,supply_risk,"成交额 < 5,000 USDC，流动性不足"
will-trump-say-beautiful-coal-or-clean-coal-during-the-energy-and-innovation-summit-on-july-15,4751.21,False,,排除：发言用词竞猜（讲话里会不会说某个词）
us-forces-seize-another-oil-tanker-by-february-28-2026,4684.62,False,supply_risk,"成交额 < 5,000 USDC，流动性不足"
us-forces-seize-another-oil-ship-by-january-23-2026,4673.42,False,flows_sanctions,"成交额 < 5,000 USDC，流动性不足"
will-there-be-between-20-and-30-average-daily-transits-of-the-strait-of-hormuz-on-april-30-234,4623.5,False,supply_risk,"成交额 < 5,000 USDC，流动性不足"
will-trump-say-kharg-or-island-during-monday-news-conference,4614.65,False,supply_risk,"成交额 < 5,000 USDC，流动性不足"
wti-closes-above-89-on-april-21-2026,4606.13,False,price_level,"成交额 < 5,000 USDC，流动性不足"
ukraine-strikes-another-tanker-in-black-sea-by-january-31-2026-859,4526.78,False,supply_risk,"成交额 < 5,000 USDC，流动性不足"
will-50-ships-transit-the-strait-of-hormuz-on-any-day-april-812,4499.86,False,supply_risk,"成交额 < 5,000 USDC，流动性不足"
lol-lng-edg-2026-04-10-total-games-2pt5,4496.14,False,gas_lng,"成交额 < 5,000 USDC，流动性不足"
wti-up-or-down-on-april-14-2026,4478.97,False,price_level,"成交额 < 5,000 USDC，流动性不足"
nord-stream-pipeline-turned-on-before-2027,4441.21,False,gas_lng,"成交额 < 5,000 USDC，流动性不足"
will-brentford-beat-southampton,4416.07,False,,排除：英超球队 Brentford FC
will-us-crude-oil-reserves-fall-to-325m-by-june-5,4414.49,False,fundamentals,"成交额 < 5,000 USDC，流动性不足"
will-70-79-ships-transit-the-strait-of-hormuz-between-april-13-april-19-178,4401.69,False,supply_risk,"成交额 < 5,000 USDC，流动性不足"
will-trump-say-hormuz-or-red-sea-during-ohio-visit-857-413,4399.65,False,supply_risk,"成交额 < 5,000 USDC，流动性不足"
will-the-7-day-moving-average-of-strait-of-hormuz-transits-be-between-4-and-7-on-april-19-2026,4390.94,False,supply_risk,"成交额 < 5,000 USDC，流动性不足"
will-leavitt-say-energy-during-the-next-white-house-press-briefing,4390.62,False,,排除：发言用词竞猜（讲话里会不会说某个词）
will-vance-say-gasoline-during-his-rocky-mount-visit,4380.76,False,,排除：发言用词竞猜（讲话里会不会说某个词）
will-trump-say-rare-earth-during-the-energy-and-innovation-summit-on-july-15,4360.62,False,,排除：发言用词竞猜（讲话里会不会说某个词）
will-us-crude-oil-reserves-fall-to-275m-by-june-5,4339.05,False,fundamentals,"成交额 < 5,000 USDC，流动性不足"
will-30-39-ships-transit-the-strait-of-hormuz-between-april-13-april-19,4333.01,False,supply_risk,"成交额 < 5,000 USDC，流动性不足"
wti-up-or-down-on-april-15-2026,4277.99,False,price_level,"成交额 < 5,000 USDC，流动性不足"
will-50-59-ships-transit-the-strait-of-hormuz-between-april-13-april-19-662,4239.57,False,supply_risk,"成交额 < 5,000 USDC，流动性不足"
will-brentford-beat-liverpool,4171.25,False,,排除：英超球队 Brentford FC
will-brentford-beat-tottenham,4161.78,False,,排除：英超球队 Brentford FC
wti-up-or-down-on-april-16-2026,4138.03,False,price_level,"成交额 < 5,000 USDC，流动性不足"
ukraine-strikes-another-tanker-in-black-sea-by-january-24-2026,4132.03,False,supply_risk,"成交额 < 5,000 USDC，流动性不足"
will-trump-say-green-new-scam-during-the-energy-and-innovation-summit-on-july-15,4130.36,False,,排除：发言用词竞猜（讲话里会不会说某个词）
will-us-crude-oil-reserves-fall-to-350m-by-june-5,4113.32,False,fundamentals,"成交额 < 5,000 USDC，流动性不足"
will-10-14-ships-transit-the-strait-of-hormuz-between-march-30-april-5,4073.03,False,supply_risk,"成交额 < 5,000 USDC，流动性不足"
will-oil-be-said-on-the-first-joe-rogan-experience-episode-of-the-week-march-29,4044.44,False,,关键词命中但不属于任何已定义主题（待人工复核）
will-trump-say-low-energy-by-february-28,3993.93,False,,排除：发言用词竞猜（讲话里会不会说某个词）
wti-closes-above-96-on-april-27-2026,3943.19,False,price_level,"成交额 < 5,000 USDC，流动性不足"
will-brentford-vs-west-ham-end-in-a-draw,3904.64,False,,排除：英超球队 Brentford FC
will-venezuelan-crude-oil-production-reach-1pt2m-barrels-per-day-in-2026,3889.1,False,fundamentals,"成交额 < 5,000 USDC，流动性不足"
will-trump-say-frack-or-fracking-during-the-energy-and-innovation-summit-on-july-15,3869.7,False,,排除：发言用词竞猜（讲话里会不会说某个词）
will-trump-say-doug-or-burgum-during-oil-executive-meetings-on-friday,3817.89,False,,排除：发言用词竞猜（讲话里会不会说某个词）
will-brentford-beat-west-ham,3763.41,False,,排除：英超球队 Brentford FC
will-trump-say-gallon-or-barrel-during-oil-executive-meetings-on-friday,3728.66,False,,排除：发言用词竞猜（讲话里会不会说某个词）
will-20-24-ships-transit-the-strait-of-hormuz-between-march-30-april-5,3721.37,False,supply_risk,"成交额 < 5,000 USDC，流动性不足"
will-trump-say-cracker-or-barrel-this-week-september-1-7,3698.48,False,,关键词命中但不属于任何已定义主题（待人工复核）
lol-tt-lng-2026-02-11-game2-kill-over-30pt5,3643.57,False,gas_lng,"成交额 < 5,000 USDC，流动性不足"
wti-closes-above-98-on-april-24-2026,3637.11,False,price_level,"成交额 < 5,000 USDC，流动性不足"
will-trump-say-hottest-during-oil-executive-meetings-on-friday,3626.78,False,,排除：发言用词竞猜（讲话里会不会说某个词）
ukraine-strikes-another-tanker-in-black-sea-by-january-31-2026,3625.63,False,supply_risk,"成交额 < 5,000 USDC，流动性不足"
will-trump-say-pipeline-during-the-energy-and-innovation-summit-on-july-15,3624.8,False,,排除：发言用词竞猜（讲话里会不会说某个词）
wti-closes-above-97-on-april-24-2026,3597.67,False,price_level,"成交额 < 5,000 USDC，流动性不足"
lol-lng-lgd-2026-01-21-game-handicap-away-1pt5,3596.3,False,gas_lng,"成交额 < 5,000 USDC，流动性不足"
will-trump-say-low-energy-in-march,3591.08,False,,排除：发言用词竞猜（讲话里会不会说某个词）
will-trump-say-nvidia-during-the-energy-and-innovation-summit-on-july-15,3567.97,False,,排除：发言用词竞猜（讲话里会不会说某个词）
will-trump-say-border-during-oil-executive-meetings-on-friday,3562.55,False,,排除：发言用词竞猜（讲话里会不会说某个词）
will-trump-say-stolen-or-steal-during-oil-executive-meetings-on-friday,3524.21,False,,排除：发言用词竞猜（讲话里会不会说某个词）
wti-closes-above-86-on-april-20-2026,3507.6,False,price_level,"成交额 < 5,000 USDC，流动性不足"
will-hegseth-or-cooper-say-hormuz-3-times-during-press-conference,3498.15,False,,排除：发言用词竞猜（讲话里会不会说某个词）
will-tottenham-beat-brentford,3477.48,False,,排除：英超球队 Brentford FC
will-venezuelan-crude-oil-production-reach-2m-barrels-per-day-in-2026,3470.77,False,fundamentals,"成交额 < 5,000 USDC，流动性不足"
us-forces-seize-another-venezuela-linked-oil-ship-on-december-23,3455.62,False,flows_sanctions,"成交额 < 5,000 USDC，流动性不足"
lol-we-lng-2026-02-11-total-games-4pt5,3440.31,False,gas_lng,"成交额 < 5,000 USDC，流动性不足"
will-the-edmonton-oilers-make-the-nhl-playoffs,3431.58,False,,排除：NHL 埃德蒙顿油人队 Edmonton Oilers
will-trump-say-oil-during-memphis-roundtable-567,3426.21,False,,排除：发言用词竞猜（讲话里会不会说某个词）
will-trump-say-chip-during-the-energy-and-innovation-summit-on-july-15,3419.26,False,,排除：发言用词竞猜（讲话里会不会说某个词）
lol-lng-tt-2026-03-28-total-games-2pt5,3412.59,False,gas_lng,"成交额 < 5,000 USDC，流动性不足"
will-60-69-ships-transit-the-strait-of-hormuz-between-april-13-april-19-525,3402.46,False,supply_risk,"成交额 < 5,000 USDC，流动性不足"
will-40-44-ships-transit-the-strait-of-hormuz-between-march-30-april-5,3395.13,False,supply_risk,"成交额 < 5,000 USDC，流动性不足"
wti-closes-above-95-on-april-23-2026,3394.34,False,price_level,"成交额 < 5,000 USDC，流动性不足"
wti-closes-above-94-on-april-17-2026,3352.03,False,price_level,"成交额 < 5,000 USDC，流动性不足"
will-trump-say-tariff-during-the-energy-and-innovation-summit-on-july-15,3346.85,False,,排除：发言用词竞猜（讲话里会不会说某个词）
will-100-124-ships-transit-the-strait-of-hormuz-between-april-20-april-26,3317.9,False,supply_risk,"成交额 < 5,000 USDC，流动性不足"
will-wti-reach-100-by-april-27-2026,3286.18,False,price_level,"成交额 < 5,000 USDC，流动性不足"
will-venezuelan-crude-oil-production-reach-1pt3m-barrels-per-day-in-2026,3255.06,False,fundamentals,"成交额 < 5,000 USDC，流动性不足"
will-the-7-day-moving-average-of-strait-of-hormuz-transits-be-between-16-and-19-on-april-19-2026,3243.53,False,supply_risk,"成交额 < 5,000 USDC，流动性不足"
wti-up-or-down-on-april-7-2026,3232.63,False,price_level,"成交额 < 5,000 USDC，流动性不足"
will-the-7-day-moving-average-of-strait-of-hormuz-transits-be-between-8-and-11-on-april-19-2026,3225.94,False,supply_risk,"成交额 < 5,000 USDC，流动性不足"
wti-closes-above-87-on-april-17-2026,3211.6,False,price_level,"成交额 < 5,000 USDC，流动性不足"
will-oil-be-said-on-the-first-joe-rogan-experience-episode-of-the-week-march-15,3193.92,False,,关键词命中但不属于任何已定义主题（待人工复核）
will-trump-say-sanction-during-oil-executive-meetings-on-friday,3174.58,False,,排除：发言用词竞猜（讲话里会不会说某个词）
will-trump-say-hormuz-during-monday-press-conference,3086.59,False,,排除：发言用词竞猜（讲话里会不会说某个词）
lol-lgd-lng-2026-02-01-game-handicap-home-1pt5,3061.31,False,gas_lng,"成交额 < 5,000 USDC，流动性不足"
will-crude-oil-cl-hit-high-72-by-end-of-february,3053.09,False,price_ladder,"成交额 < 5,000 USDC，流动性不足"
will-15-19-ships-transit-the-strait-of-hormuz-between-march-30-april-5,2991.07,False,supply_risk,"成交额 < 5,000 USDC，流动性不足"
will-trump-say-iran-or-oil-13-times-during-cnbc-squawk-box-appearance-on-april-21,2987.04,False,,排除：发言用词竞猜（讲话里会不会说某个词）
lol-lng-omg-2026-01-16-total-games-2pt5,2980.51,False,gas_lng,"成交额 < 5,000 USDC，流动性不足"
will-20-29-ships-transit-the-strait-of-hormuz-between-april-13-april-19-yzbu,2977.9,False,supply_risk,"成交额 < 5,000 USDC，流动性不足"
will-trump-say-minnesota-or-ice-during-oil-executive-meetings-on-friday,2975.38,False,,排除：发言用词竞猜（讲话里会不会说某个词）
will-wti-reach-110-by-april-20-2026,2957.4,False,price_level,"成交额 < 5,000 USDC，流动性不足"
will-trump-say-tanker-or-ship-or-boat-5-times-during-events-with-japanese-pm,2911.4,False,supply_risk,"成交额 < 5,000 USDC，流动性不足"
will-there-be-between-50-and-60-average-daily-transits-of-the-strait-of-hormuz-on-april-30-215,2896.43,False,supply_risk,"成交额 < 5,000 USDC，流动性不足"
will-wti-crude-oil-settle-at-70-on-april-8,2885.55,False,price_level,"成交额 < 5,000 USDC，流动性不足"
will-the-7-day-moving-average-of-strait-of-hormuz-transits-be-between-16-and-19-on-april-12-2026,2871.57,False,supply_risk,"成交额 < 5,000 USDC，流动性不足"
wti-closes-above-87-on-april-21-2026,2860.36,False,price_level,"成交额 < 5,000 USDC，流动性不足"
will-there-be-between-30-and-40-average-daily-transits-of-the-strait-of-hormuz-on-april-30-332,2858.64,False,supply_risk,"成交额 < 5,000 USDC，流动性不足"
will-donald-trump-announce-that-the-united-states-blockade-of-the-strait-of-hormuz-has-been-lifted-by-april-12-2026,2849.7,False,supply_risk,"成交额 < 5,000 USDC，流动性不足"
wti-closes-above-95-on-april-27-2026,2826.32,False,price_level,"成交额 < 5,000 USDC，流动性不足"
will-x-energys-market-cap-be-between-7b-and-8b-at-market-close-on-ipo-day,2826.17,False,,排除：市值排名（Aramco 是标的之一）
will-trump-release-the-sanctioned-oil-tanker-by-december-31,2813.23,False,supply_risk,"成交额 < 5,000 USDC，流动性不足"
will-the-7-day-moving-average-of-strait-of-hormuz-transits-be-less-than-4-on-april-19-2026,2757.72,False,supply_risk,"成交额 < 5,000 USDC，流动性不足"
will-wti-dip-to-95-by-april-6-2026,2755.89,False,price_level,"成交额 < 5,000 USDC，流动性不足"
will-the-kharg-island-oil-terminal-be-hit-by-january-31,2649.22,False,supply_risk,"成交额 < 5,000 USDC，流动性不足"
will-solv-energy-inc-not-ipo-before-april-2026,2623.87,False,,关键词命中但不属于任何已定义主题（待人工复核）
us-forces-seize-another-venezuela-linked-oil-ship-on-december-27,2619.68,False,flows_sanctions,"成交额 < 5,000 USDC，流动性不足"
will-saudi-aramco-be-the-third-largest-company-in-the-world-by-market-cap-on-november-30,2528.98,False,,排除：市值排名（Aramco 是标的之一）
ukraine-strikes-another-tanker-in-black-sea-by-january-17-2026,2490.38,False,supply_risk,"成交额 < 5,000 USDC，流动性不足"
will-venezuelan-crude-oil-production-reach-1pt5m-barrels-per-day-in-2026,2473.89,False,fundamentals,"成交额 < 5,000 USDC，流动性不足"
lol-we-lng-2025-12-17-total-games-2pt5,2428.53,False,gas_lng,"成交额 < 5,000 USDC，流动性不足"
wti-closes-above-98-on-april-27-2026,2426.82,False,price_level,"成交额 < 5,000 USDC，流动性不足"
us-forces-seize-another-venezuela-linked-oil-ship-on-december-30,2399.62,False,flows_sanctions,"成交额 < 5,000 USDC，流动性不足"
wti-closes-above-87-on-april-20-2026,2390.85,False,price_level,"成交额 < 5,000 USDC，流动性不足"
will-saudi-aramco-be-the-third-largest-company-in-the-world-by-market-cap-on-march-31,2389.24,False,,排除：市值排名（Aramco 是标的之一）
will-trump-say-low-energy-during-the-2026-state-of-the-union-address,2376.18,False,,排除：发言用词竞猜（讲话里会不会说某个词）
will-arko-petroleum-corps-market-cap-be-between-950m-and-1pt0b-at-market-close-on-ipo-day,2357.18,False,,排除：市值排名（Aramco 是标的之一）
will-trump-say-kharg-island-during-events-with-japanese-pm,2345.37,False,supply_risk,"成交额 < 5,000 USDC，流动性不足"
wti-closes-above-97-on-april-27-2026,2296.61,False,price_level,"成交额 < 5,000 USDC，流动性不足"
will-trump-say-oil-during-gulf-leaders-summit-on-may-14,2290.2,False,,排除：发言用词竞猜（讲话里会不会说某个词）
will-trump-say-oil-during-meetings-with-slovak-prime-minister,2289.52,False,,排除：发言用词竞猜（讲话里会不会说某个词）
wti-closes-above-90-on-april-17-2026,2225.6,False,price_level,"成交额 < 5,000 USDC，流动性不足"
will-125-149-ships-transit-the-strait-of-hormuz-between-april-20-april-26,2219.43,False,supply_risk,"成交额 < 5,000 USDC，流动性不足"
will-crude-oil-hit-120-in-2023,2155.52,False,price_level,"成交额 < 5,000 USDC，流动性不足"
will-wti-reach-145-by-april-6-2026,2144.49,False,price_level,"成交额 < 5,000 USDC，流动性不足"
wti-closes-above-91-on-april-22-2026,2139.39,False,price_level,"成交额 < 5,000 USDC，流动性不足"
will-wti-reach-135-by-april-6-2026,2098.83,False,price_level,"成交额 < 5,000 USDC，流动性不足"
will-trump-say-oil-or-gas-or-gasoline-during-dinner-with-dutch-royals,2097.56,False,,排除：发言用词竞猜（讲话里会不会说某个词）
will-wti-dip-to-75-by-april-20-2026,2071,False,price_level,"成交额 < 5,000 USDC，流动性不足"
lol-up-lng-2026-01-27-total-games-2pt5,2006.96,False,gas_lng,"成交额 < 5,000 USDC，流动性不足"
will-trump-say-oil-during-kentucky-visit,2003.46,False,,排除：发言用词竞猜（讲话里会不会说某个词）
will-saudi-arabia-agree-to-sell-oil-to-china-in-yuan-in-2023,1965.73,False,,关键词命中但不属于任何已定义主题（待人工复核）
will-fewer-than-10-ships-transit-the-strait-of-hormuz-between-march-30-april-5,1924.72,False,supply_risk,"成交额 < 5,000 USDC，流动性不足"
us-forces-seize-another-venezuela-linked-oil-ship-on-december-28,1922.21,False,flows_sanctions,"成交额 < 5,000 USDC，流动性不足"
will-wti-dip-to-80-by-april-20-2026,1916.98,False,price_level,"成交额 < 5,000 USDC，流动性不足"
will-west-ham-beat-brentford,1915.19,False,,排除：英超球队 Brentford FC
will-wti-dip-to-85-by-april-13-2026,1905.14,False,price_level,"成交额 < 5,000 USDC，流动性不足"
will-crude-oil-cl-hit-low-60-by-end-of-february,1881.01,False,price_ladder,"成交额 < 5,000 USDC，流动性不足"
will-trump-say-pipeline-during-nrcc-dinner-on-april-8,1857.61,False,,排除：发言用词竞猜（讲话里会不会说某个词）
will-fewer-than-10-ships-transit-the-strait-of-hormuz-between-april-13-april-19,1841.98,False,supply_risk,"成交额 < 5,000 USDC，流动性不足"
will-edmonton-oilers-advance-to-round-2-of-the-2026-nhl-playoffs,1826.88,False,,排除：NHL 埃德蒙顿油人队 Edmonton Oilers
will-crude-oil-cl-settle-over-84-on-the-final-trading-day-of-march-2026,1812.59,False,,关键词命中但不属于任何已定义主题（待人工复核）
will-wti-dip-to-90-by-april-27-2026,1786.65,False,price_level,"成交额 < 5,000 USDC，流动性不足"
cracker-barrel-old-country-store-cbrl-up-or-down-after-earnings,1749.14,False,,排除：餐饮公司 Cracker Barrel
will-brentford-win-the-2025-2026-fa-cup-273,1747.49,False,,排除：英超球队 Brentford FC
us-forces-seize-another-oil-tanker-by-february-14-2026-925,1747.06,False,supply_risk,"成交额 < 5,000 USDC，流动性不足"
lol-lng-lgd-2026-01-21-total-games-2pt5,1743.03,False,gas_lng,"成交额 < 5,000 USDC，流动性不足"
will-10-14-ships-transit-the-strait-of-hormuz-between-march-23-29,1738.3,False,supply_risk,"成交额 < 5,000 USDC，流动性不足"
lol-omg-lng-2026-04-24-total-games-2pt5,1737.72,False,gas_lng,"成交额 < 5,000 USDC，流动性不足"
will-trump-say-tanker-during-ohio-visit-244-481,1732.22,False,supply_risk,"成交额 < 5,000 USDC，流动性不足"
lol-lgd-lng-2026-02-01-total-games-2pt5,1728.13,False,gas_lng,"成交额 < 5,000 USDC，流动性不足"
will-30-34-ships-transit-the-strait-of-hormuz-between-march-23-29,1727.89,False,supply_risk,"成交额 < 5,000 USDC，流动性不足"
venezuela-oil-production-1-million-barrelsday-by-q1-2024,1700.51,False,fundamentals,"成交额 < 5,000 USDC，流动性不足"
will-trump-say-illegal-during-oil-executive-meetings-on-friday,1688.83,False,,排除：发言用词竞猜（讲话里会不会说某个词）
lol-blg-lng-2025-12-22-total-games-2pt5,1687.5,False,gas_lng,"成交额 < 5,000 USDC，流动性不足"
will-crude-oil-cl-hit-low-45-by-end-of-february,1631.08,False,price_ladder,"成交额 < 5,000 USDC，流动性不足"
wti-closes-above-85-on-april-20-2026,1610.85,False,price_level,"成交额 < 5,000 USDC，流动性不足"
carabao-cup-brentford-vs-sheffield-wednesday-oct-29,1610.48,False,,排除：英超球队 Brentford FC
wti-closes-above-93-on-april-23-2026,1608.49,False,price_level,"成交额 < 5,000 USDC，流动性不足"
will-arko-petroleum-corps-market-cap-be-between-900m-and-950m-at-market-close-on-ipo-day,1607.69,False,,排除：市值排名（Aramco 是标的之一）
wti-up-or-down-on-march-30-2026,1600.34,False,price_level,"成交额 < 5,000 USDC，流动性不足"
will-bryan-johnson-say-snake-oil-while-tripping-balls-385-823-675,1590.63,False,,排除：发言用词竞猜（讲话里会不会说某个词）
lol-tt-lng-2026-02-11-total-games-3pt5,1571.9,False,gas_lng,"成交额 < 5,000 USDC，流动性不足"
will-poilievre-say-pipeline-during-canadian-election-debate-on-april-17,1570.44,False,,排除：加拿大政治人物 Pierre Poilievre
will-saudi-aramco-be-the-second-largest-company-in-the-world-by-market-cap-on-march-31,1568.13,False,,排除：市值排名（Aramco 是标的之一）
will-manchester-city-vs-brentford-end-in-a-draw,1545.7,False,,排除：英超球队 Brentford FC
saudi-arabia-non-oil-gdp-up-in-q3,1482.81,False,,关键词命中但不属于任何已定义主题（待人工复核）
will-jd-vance-say-oil-2-times-during-meetings-with-orbn,1432.08,False,,排除：发言用词竞猜（讲话里会不会说某个词）
wti-closes-above-88-on-april-20-2026,1411.15,False,price_level,"成交额 < 5,000 USDC，流动性不足"
lol-tt-lng-2026-02-11-game3-first-blood,1410.09,False,gas_lng,"成交额 < 5,000 USDC，流动性不足"
will-leavitt-say-gasoline-or-egg-during-the-next-press-briefing-842,1404.48,False,,排除：发言用词竞猜（讲话里会不会说某个词）
wti-closes-above-85-on-april-21-2026,1403.92,False,price_level,"成交额 < 5,000 USDC，流动性不足"
lol-tt-lng-2026-02-11-game2-kill-over-36pt5,1399.65,False,gas_lng,"成交额 < 5,000 USDC，流动性不足"
lol-tt-lng-2026-02-11-game2-kill-over-35pt5,1399.36,False,gas_lng,"成交额 < 5,000 USDC，流动性不足"
lol-tt-lng-2026-02-11-game2-kill-over-33pt5,1397.81,False,gas_lng,"成交额 < 5,000 USDC，流动性不足"
will-wti-dip-to-70-by-april-20-2026,1384.73,False,price_level,"成交额 < 5,000 USDC，流动性不足"
will-trump-say-stargate-during-the-energy-and-innovation-summit-on-july-15,1368.04,False,,排除：发言用词竞猜（讲话里会不会说某个词）
lol-omg-lng-2026-01-28-total-games-2pt5,1360.49,False,gas_lng,"成交额 < 5,000 USDC，流动性不足"
will-trump-say-kharg-or-island-during-events-with-rutte,1360.47,False,supply_risk,"成交额 < 5,000 USDC，流动性不足"
will-venezuelan-crude-oil-production-reach-1pt7m-barrels-per-day-in-2026,1349.24,False,fundamentals,"成交额 < 5,000 USDC，流动性不足"
will-x-energys-market-cap-be-between-8b-and-9b-at-market-close-on-ipo-day,1314.75,False,,排除：市值排名（Aramco 是标的之一）
will-wti-reach-110-by-april-13-2026,1300.9,False,price_level,"成交额 < 5,000 USDC，流动性不足"
lol-omg-lng-2026-04-24-game-handicap-home-1pt5,1296.8,False,gas_lng,"成交额 < 5,000 USDC，流动性不足"
will-trump-say-tariff-or-oil-or-gas-7-times-during-epa-announcement,1295.55,False,,排除：发言用词竞猜（讲话里会不会说某个词）
will-trump-say-gas-or-gasoline-in-corpus-christi-on-friday-557-382,1283.47,False,,排除：发言用词竞猜（讲话里会不会说某个词）
wti-closes-above-94-on-april-24-2026,1264.73,False,price_level,"成交额 < 5,000 USDC，流动性不足"
will-crude-oil-cl-hit-low-50-by-end-of-february,1243.78,False,price_ladder,"成交额 < 5,000 USDC，流动性不足"
wti-closes-above-100-on-april-28-2026,1241.46,False,price_level,"成交额 < 5,000 USDC，流动性不足"
will-saudi-aramco-be-the-third-largest-company-in-the-world-by-market-cap-on-december-31,1229.9,False,,排除：市值排名（Aramco 是标的之一）
will-fewer-than-10-ships-transit-the-strait-of-hormuz-between-march-23-29,1229.34,False,supply_risk,"成交额 < 5,000 USDC，流动性不足"
will-leavitt-say-strait-of-hormuz-during-the-next-white-house-press-briefing,1228.88,False,,排除：发言用词竞猜（讲话里会不会说某个词）
wti-closes-above-88-on-april-21-2026,1224.52,False,price_level,"成交额 < 5,000 USDC，流动性不足"
will-trump-say-energy-during-monday-press-conference,1217.11,False,,排除：发言用词竞猜（讲话里会不会说某个词）
will-crude-oil-cl-hit-high-68-by-end-of-february,1215.63,False,price_ladder,"成交额 < 5,000 USDC，流动性不足"
will-brentford-finish-in-2nd-place-for-the-2024-25-epl-season,1211.15,False,,排除：英超球队 Brentford FC
lol-we-lng-2026-02-11-game-handicap-away-1pt5,1210.59,False,gas_lng,"成交额 < 5,000 USDC，流动性不足"
will-wti-reach-135-by-march-30-2026,1206.02,False,price_level,"成交额 < 5,000 USDC，流动性不足"
will-leavitt-say-hormuz-during-the-next-white-house-press-briefing,1202.9,False,,排除：发言用词竞猜（讲话里会不会说某个词）
will-mark-rutte-say-oil-or-energy-during-his-speech-on-april-9,1190.67,False,,排除：发言用词竞猜（讲话里会不会说某个词）
will-brentford-beat-manchester-city,1172.41,False,,排除：英超球队 Brentford FC
wti-closes-above-93-on-april-17-2026,1170.84,False,price_level,"成交额 < 5,000 USDC，流动性不足"
lol-lng-edg-2026-04-10-game-handicap-home-1pt5,1169.5,False,gas_lng,"成交额 < 5,000 USDC，流动性不足"
will-wti-dip-to-80-by-april-6-2026,1160.23,False,price_level,"成交额 < 5,000 USDC，流动性不足"
will-saudi-aramco-be-the-third-largest-company-in-the-world-by-market-cap-on-february-28,1157.96,False,,排除：市值排名（Aramco 是标的之一）
will-trump-say-egg-or-gasoline-at-the-fifa-world-cup-draw-on-december-5,1157.74,False,,排除：发言用词竞猜（讲话里会不会说某个词）
wti-closes-above-89-on-april-24-2026,1156.18,False,price_level,"成交额 < 5,000 USDC，流动性不足"
will-there-be-between-40-and-50-average-daily-transits-of-the-strait-of-hormuz-on-april-30-318,1151.08,False,supply_risk,"成交额 < 5,000 USDC，流动性不足"
will-crude-oil-cl-settle-at-70-75-in-february,1147.55,False,price_ladder,"成交额 < 5,000 USDC，流动性不足"
will-trump-say-natural-gas-during-todays-event-with-the-governor-of-louisiana,1144.88,False,,排除：发言用词竞猜（讲话里会不会说某个词）
will-trump-say-tanker-during-monday-press-conference,1141.11,False,,排除：发言用词竞猜（讲话里会不会说某个词）
us-forces-seize-another-venezuela-linked-oil-ship-on-december-22,1138.33,False,flows_sanctions,"成交额 < 5,000 USDC，流动性不足"
will-wti-reach-130-by-april-6-2026,1131.45,False,price_level,"成交额 < 5,000 USDC，流动性不足"
will-wti-reach-105-by-march-30-2026,1105.35,False,price_level,"成交额 < 5,000 USDC，流动性不足"
will-wti-reach-115-by-april-20-2026,1094.86,False,price_level,"成交额 < 5,000 USDC，流动性不足"
will-crude-oil-cl-settle-over-56-on-the-final-trading-day-of-march-2026,1093.97,False,,关键词命中但不属于任何已定义主题（待人工复核）
will-10-19-ships-transit-the-strait-of-hormuz-between-april-13-april-19,1091.12,False,supply_risk,"成交额 < 5,000 USDC，流动性不足"
lol-tt-lng-2026-02-11-game2-kill-over-27pt5,1087.07,False,gas_lng,"成交额 < 5,000 USDC，流动性不足"
will-wti-reach-105-by-april-27-2026,1080.63,False,price_level,"成交额 < 5,000 USDC，流动性不足"
will-brentford-finish-in-the-top-4-of-the-epl-202526-standings,1079.55,False,,排除：英超球队 Brentford FC
will-trump-say-hormuz-or-red-sea-during-kentucky-visit,1075.6,False,supply_risk,"成交额 < 5,000 USDC，流动性不足"
will-trump-say-oil-during-executive-order-signing-today,1060.96,False,,排除：发言用词竞猜（讲话里会不会说某个词）
wti-closes-above-92-on-april-23-2026,1054.25,False,price_level,"成交额 < 5,000 USDC，流动性不足"
will-wti-dip-to-70-by-april-13-2026,1049.49,False,price_level,"成交额 < 5,000 USDC，流动性不足"
will-crude-oil-cl-settle-over-80-on-the-final-trading-day-of-february-2026,1045.41,False,,关键词命中但不属于任何已定义主题（待人工复核）
wti-closes-above-91-on-april-17-2026,1042.97,False,price_level,"成交额 < 5,000 USDC，流动性不足"
will-trump-say-gas-or-gasoline-during-monday-press-conference,1037.24,False,,排除：发言用词竞猜（讲话里会不会说某个词）
us-forces-seize-another-venezuela-linked-oil-ship-on-december-29,1022.69,False,flows_sanctions,"成交额 < 5,000 USDC，流动性不足"
will-trump-say-energy-5-times-during-the-champion-of-coal-event-759,1022.61,False,,排除：发言用词竞猜（讲话里会不会说某个词）
ukraine-strikes-another-tanker-in-black-sea-by-february-28-2026-573,1018.44,False,supply_risk,"成交额 < 5,000 USDC，流动性不足"
will-oil-be-said-on-the-next-episode-of-the-joe-rogan-experience,1017.79,False,,关键词命中但不属于任何已定义主题（待人工复核）
wti-closes-above-89-on-april-17-2026,1015.32,False,price_level,"成交额 < 5,000 USDC，流动性不足"
will-crude-oil-cl-settle-over-68-on-the-final-trading-day-of-february-2026,1004.15,False,,关键词命中但不属于任何已定义主题（待人工复核）
will-trump-say-tariff-during-oil-executive-meetings-on-friday,1002.45,False,,排除：发言用词竞猜（讲话里会不会说某个词）
lol-we-lng-2026-02-11-game1-kill-over-40pt5,1001.9,False,gas_lng,"成交额 < 5,000 USDC，流动性不足"
wti-closes-above-88-on-april-17-2026,1001.79,False,price_level,"成交额 < 5,000 USDC，流动性不足"
lol-tt-lng-2026-02-11-game2-kill-over-28pt5,1000.47,False,gas_lng,"成交额 < 5,000 USDC，流动性不足"
lol-tt-lng-2026-02-11-game2-kill-over-26pt5,1000.39,False,gas_lng,"成交额 < 5,000 USDC，流动性不足"
lol-tt-lng-2026-02-11-game2-kill-over-29pt5,1000.34,False,gas_lng,"成交额 < 5,000 USDC，流动性不足"
lol-tt-lng-2026-02-11-game2-kill-over-25pt5,1000.29,False,gas_lng,"成交额 < 5,000 USDC，流动性不足"
lol-tt-lng-2026-02-11-game2-kill-over-24pt5,1000.29,False,gas_lng,"成交额 < 5,000 USDC，流动性不足"
will-x-energys-market-cap-be-greater-than-9b-at-market-close-on-ipo-day,998.533,False,,排除：市值排名（Aramco 是标的之一）
will-trump-say-take-the-oil-or-keep-the-oil-during-events-with-rutte,988.181,False,,排除：发言用词竞猜（讲话里会不会说某个词）
wti-closes-above-92-on-april-27-2026,966.678,False,price_level,"成交额 < 5,000 USDC，流动性不足"
will-45-or-more-ships-transit-the-strait-of-hormuz-between-march-23-29,964.644,False,supply_risk,"成交额 < 5,000 USDC，流动性不足"
will-trump-say-pipeline-or-road-during-taoiseach-events,963.517,False,,排除：发言用词竞猜（讲话里会不会说某个词）
will-15-19-ships-transit-the-strait-of-hormuz-between-march-23-29,962.604,False,supply_risk,"成交额 < 5,000 USDC，流动性不足"
will-tottenham-vs-brentford-end-in-a-draw,959.586,False,,排除：英超球队 Brentford FC
will-wti-reach-110-by-april-27-2026,958.404,False,price_level,"成交额 < 5,000 USDC，流动性不足"
will-trump-say-jet-fuel-during-9-11-memorial-event-492-939,941.694,False,,关键词命中但不属于任何已定义主题（待人工复核）
will-the-match-between-brentford-and-wolverhampton-end-in-a-draw,937.703,False,,排除：英超球队 Brentford FC
will-trump-say-natural-gas-or-nord-stream-during-events-with-polish-president-on-september-3,935.808,False,,排除：发言用词竞猜（讲话里会不会说某个词）
wti-closes-above-99-on-april-27-2026,900.754,False,price_level,"成交额 < 5,000 USDC，流动性不足"
wti-closes-above-86-on-april-21-2026,883.968,False,price_level,"成交额 < 5,000 USDC，流动性不足"
will-trump-say-pipeline-by-april-4,873.537,False,,排除：发言用词竞猜（讲话里会不会说某个词）
will-the-oilers-beat-the-stars-4-1,870.764,False,,排除：NHL 埃德蒙顿油人队 Edmonton Oilers
saudi-aramcos-2023-net-income-120-billion,864.651,False,,关键词命中但不属于任何已定义主题（待人工复核）
will-trump-say-oil-during-diwali-celebration-events-on-october-21,858.252,False,,排除：发言用词竞猜（讲话里会不会说某个词）
will-iran-close-the-strait-of-hormuz-in-2023,848.033,False,supply_risk,"成交额 < 5,000 USDC，流动性不足"
lol-lng-up-2026-01-16-lng-to-win-1-games,836.256,False,gas_lng,"成交额 < 5,000 USDC，流动性不足"
will-crude-oil-cl-settle-at-50-in-february,834.451,False,price_ladder,"成交额 < 5,000 USDC，流动性不足"
will-trump-say-energy-5-times-during-his-business-roundtable-appearance,833.616,False,,排除：发言用词竞猜（讲话里会不会说某个词）
wti-closes-above-92-on-april-22-2026,828.107,False,price_level,"成交额 < 5,000 USDC，流动性不足"
will-trump-nominate-paul-dabbar-for-energy-secretary,818.179,False,,排除：人事提名，非商品市场
will-wti-reach-90-by-april-20-2026,818.001,False,price_level,"成交额 < 5,000 USDC，流动性不足"
will-trump-say-pipeline-during-meetings-with-slovak-prime-minister,813.856,False,,排除：发言用词竞猜（讲话里会不会说某个词）
will-bernie-or-mamdani-say-oil-or-gas-or-gasoline-during-nyc-rally,798.755,False,,排除：发言用词竞猜（讲话里会不会说某个词）
wti-closes-above-89-on-april-20-2026,798.727,False,price_level,"成交额 < 5,000 USDC，流动性不足"
will-arko-petroleum-corps-market-cap-be-less-than-750m-at-market-close-on-ipo-day,797.38,False,,排除：市值排名（Aramco 是标的之一）
will-crude-oil-cl-hit-high-70-by-end-of-february,788.288,False,price_ladder,"成交额 < 5,000 USDC，流动性不足"
will-crude-oil-cl-hit-low-75-by-march-20-753,783.35,False,price_ladder,"成交额 < 5,000 USDC，流动性不足"
will-crude-oil-cl-settle-over-80-on-the-final-trading-day-of-march-2026,782.335,False,,关键词命中但不属于任何已定义主题（待人工复核）
wti-closes-above-97-on-april-28-2026,781.781,False,price_level,"成交额 < 5,000 USDC，流动性不足"
will-brentford-vs-crystal-palace-end-in-a-draw,780.93,False,,排除：英超球队 Brentford FC
will-trump-say-oil-or-gas-during-the-fii-priority-summit,770.933,False,,排除：发言用词竞猜（讲话里会不会说某个词）
lol-tt-lng-2026-02-11-game2-kill-over-22pt5,763.324,False,gas_lng,"成交额 < 5,000 USDC，流动性不足"
wti-closes-above-90-on-april-20-2026,754.448,False,price_level,"成交额 < 5,000 USDC，流动性不足"
wti-closes-above-90-on-april-22-2026,751.488,False,price_level,"成交额 < 5,000 USDC，流动性不足"
wti-closes-above-93-on-april-22-2026,751.149,False,price_level,"成交额 < 5,000 USDC，流动性不足"
will-x-energys-market-cap-be-less-than-6b-at-market-close-on-ipo-day,741.662,False,,排除：市值排名（Aramco 是标的之一）
will-crude-oil-cl-settle-over-60-on-the-final-trading-day-of-march-2026,736.583,False,,关键词命中但不属于任何已定义主题（待人工复核）
will-35-39-ships-transit-the-strait-of-hormuz-between-march-23-29,727.017,False,supply_risk,"成交额 < 5,000 USDC，流动性不足"
will-40-44-ships-transit-the-strait-of-hormuz-between-march-23-29,724.568,False,supply_risk,"成交额 < 5,000 USDC，流动性不足"
will-bernie-sanders-say-strait-or-hormuz-at-the-rally-on-saturday,709.749,False,supply_risk,"成交额 < 5,000 USDC，流动性不足"
will-wolverhampton-beat-brentford,695.919,False,,排除：英超球队 Brentford FC
lol-lng-up-2026-01-16-up-to-win-1-games,685.976,False,gas_lng,"成交额 < 5,000 USDC，流动性不足"
lol-lng-up-2026-01-16-lng-to-win-2-games,685.976,False,gas_lng,"成交额 < 5,000 USDC，流动性不足"
lol-tt-lng-2026-02-11-game1-kill-over-14pt5,685.808,False,gas_lng,"成交额 < 5,000 USDC，流动性不足"
will-trump-say-oil-or-gas-or-gasoline-during-signing-time,682.508,False,,排除：发言用词竞猜（讲话里会不会说某个词）
will-25-29-ships-transit-the-strait-of-hormuz-between-march-23-29,682.436,False,supply_risk,"成交额 < 5,000 USDC，流动性不足"
will-jd-vance-say-egg-or-gasoline-2-times-in-ohio-on-thursday,662.541,False,,排除：发言用词竞猜（讲话里会不会说某个词）
will-wti-reach-140-by-april-6-2026,659.231,False,price_level,"成交额 < 5,000 USDC，流动性不足"
will-sarahs-oil-score-at-least-50-on-the-rotten-tomatoes-tomatometer,652.258,False,,关键词命中但不属于任何已定义主题（待人工复核）
wti-closes-above-91-on-april-23-2026,640.798,False,price_level,"成交额 < 5,000 USDC，流动性不足"
will-wti-dip-to-85-by-march-30-2026,634.199,False,price_level,"成交额 < 5,000 USDC，流动性不足"
wti-up-or-down-on-march-31-2026,633.79,False,price_level,"成交额 < 5,000 USDC，流动性不足"
will-wti-reach-120-by-april-13-2026,620.06,False,price_level,"成交额 < 5,000 USDC，流动性不足"
wti-closes-above-88-on-april-22-2026,613.017,False,price_level,"成交额 < 5,000 USDC，流动性不足"
wti-closes-above-83-on-april-20-2026,612.444,False,price_level,"成交额 < 5,000 USDC，流动性不足"
wti-closes-above-94-on-april-27-2026,596.03,False,price_level,"成交额 < 5,000 USDC，流动性不足"
will-southampton-beat-brentford,589.661,False,,排除：英超球队 Brentford FC
lol-lng-up-2026-01-16-up-to-win-2-games,587.83,False,gas_lng,"成交额 < 5,000 USDC，流动性不足"
wti-closes-above-87-on-april-22-2026,585.926,False,price_level,"成交额 < 5,000 USDC，流动性不足"
will-wti-dip-to-100-by-april-6-2026,584.365,False,price_level,"成交额 < 5,000 USDC，流动性不足"
lol-we-lng-2026-02-11-game2-first-blood,577.126,False,gas_lng,"成交额 < 5,000 USDC，流动性不足"
wti-closes-above-85-on-april-22-2026,576.96,False,price_level,"成交额 < 5,000 USDC，流动性不足"
wti-closes-above-89-on-april-27-2026,570.537,False,price_level,"成交额 < 5,000 USDC，流动性不足"
wti-closes-above-83-on-april-22-2026,566.696,False,price_level,"成交额 < 5,000 USDC，流动性不足"
wti-closes-above-92-on-april-17-2026,554.88,False,price_level,"成交额 < 5,000 USDC，流动性不足"
will-powell-say-energy-during-framework-review-speech-on-may-15,553.615,False,,排除：发言用词竞猜（讲话里会不会说某个词）
wti-closes-above-99-on-april-28-2026,552.119,False,price_level,"成交额 < 5,000 USDC，流动性不足"
will-us-crude-oil-reserves-fall-to-400m-by-june-5,542.043,False,fundamentals,"成交额 < 5,000 USDC，流动性不足"
will-wti-dip-to-95-by-march-30-2026,541.151,False,price_level,"成交额 < 5,000 USDC，流动性不足"
wti-closes-above-94-on-april-23-2026,534.685,False,price_level,"成交额 < 5,000 USDC，流动性不足"
will-wti-reach-125-by-april-13-2026,529.94,False,price_level,"成交额 < 5,000 USDC，流动性不足"
will-trump-or-melania-say-strait-or-hormuz-at-chicago-opening-night,528.471,False,supply_risk,"成交额 < 5,000 USDC，流动性不足"
wti-closes-above-91-on-april-27-2026,511.252,False,price_level,"成交额 < 5,000 USDC，流动性不足"
will-mark-rutte-say-strait-or-hormuz-during-meeting-with-prime-minister-of-czechia,511.045,False,supply_risk,"成交额 < 5,000 USDC，流动性不足"
will-trump-post-strait-of-hormuz-on-truth-social-this-week,480.036,False,supply_risk,"成交额 < 5,000 USDC，流动性不足"
will-barrel-be-said-during-the-next-episode-of-the-all-in-podcast-278,474.808,False,,排除：发言用词竞猜（讲话里会不会说某个词）
lol-lng-jdg-2025-12-21-total-games-2pt5,474.097,False,gas_lng,"成交额 < 5,000 USDC，流动性不足"
wti-closes-above-96-on-april-28-2026,470.663,False,price_level,"成交额 < 5,000 USDC，流动性不足"
wti-closes-above-89-on-april-22-2026,469.335,False,price_level,"成交额 < 5,000 USDC，流动性不足"
lol-lng-up-2026-01-16-game-handicap-away-1pt5,466.254,False,gas_lng,"成交额 < 5,000 USDC，流动性不足"
will-trump-say-energy-5-or-more-times-during-the-announcement,442.775,False,,排除：发言用词竞猜（讲话里会不会说某个词）
will-trump-post-hormuz-on-truth-social-this-week,438.883,False,supply_risk,"成交额 < 5,000 USDC，流动性不足"
will-starmer-say-oil-or-gas-or-gasoline-during-the-next-prime-ministers-questions-event-598,433.807,False,,排除：发言用词竞猜（讲话里会不会说某个词）
will-trump-say-barrel-during-monday-press-conference,431.607,False,,排除：发言用词竞猜（讲话里会不会说某个词）
will-trump-say-kharg-island-this-week-april-12,430.649,False,supply_risk,"成交额 < 5,000 USDC，流动性不足"
will-brent-bien-win-the-2026-wyoming-governor-republican-primary-election,426.557,False,,关键词命中但不属于任何已定义主题（待人工复核）
will-crude-oil-cl-settle-over-64-on-the-final-trading-day-of-march-2026,422.77,False,,关键词命中但不属于任何已定义主题（待人工复核）
will-mark-rutte-say-oil-or-gas-or-gasoline-during-meeting-with-prime-minister-of-czechia,419.624,False,,排除：发言用词竞猜（讲话里会不会说某个词）
will-wti-reach-110-by-march-30-2026,411.052,False,price_level,"成交额 < 5,000 USDC，流动性不足"
wti-closes-above-98-on-april-28-2026,403.53,False,price_level,"成交额 < 5,000 USDC，流动性不足"
will-arko-petroleum-corps-market-cap-be-greater-than-1pt0b-at-market-close-on-ipo-day,401.951,False,,排除：市值排名（Aramco 是标的之一）
will-trump-nominate-rick-perry-for-energy-secretary,395.699,False,,排除：人事提名，非商品市场
will-sarahs-oil-score-at-least-65-on-the-rotten-tomatoes-tomatometer,385.928,False,,关键词命中但不属于任何已定义主题（待人工复核）
wti-closes-above-92-on-april-20-2026,385.513,False,price_level,"成交额 < 5,000 USDC，流动性不足"
will-wti-reach-115-by-april-13-2026,383.026,False,price_level,"成交额 < 5,000 USDC，流动性不足"
will-brentford-vs-southampton-end-in-a-draw,375.991,False,,排除：英超球队 Brentford FC
will-wti-dip-to-110-by-april-6-2026,373.512,False,price_level,"成交额 < 5,000 USDC，流动性不足"
lol-tt-lng-2026-02-11-game1-kill-over-13pt5,372.618,False,gas_lng,"成交额 < 5,000 USDC，流动性不足"
lol-tt-lng-2026-02-11-total-games-4pt5,361.31,False,gas_lng,"成交额 < 5,000 USDC，流动性不足"
wti-closes-above-96-on-april-17-2026,360.487,False,price_level,"成交额 < 5,000 USDC，流动性不足"
wti-closes-above-86-on-april-22-2026,357.72,False,price_level,"成交额 < 5,000 USDC，流动性不足"
will-wti-dip-to-75-by-april-13-2026,355.996,False,price_level,"成交额 < 5,000 USDC，流动性不足"
wti-closes-above-93-on-april-27-2026,352.297,False,price_level,"成交额 < 5,000 USDC，流动性不足"
will-wti-dip-to-85-by-april-27-2026,351.088,False,price_level,"成交额 < 5,000 USDC，流动性不足"
wti-up-or-down-on-april-1-2026,350.737,False,price_level,"成交额 < 5,000 USDC，流动性不足"
will-carney-say-pipeline-during-canadian-election-debate-on-april-17,348.992,False,,排除：发言用词竞猜（讲话里会不会说某个词）
wti-closes-above-84-on-april-20-2026,345.82,False,price_level,"成交额 < 5,000 USDC，流动性不足"
will-oil-be-said-during-the-next-episode-of-the-all-in-podcast-442,338.626,False,,排除：发言用词竞猜（讲话里会不会说某个词）
lol-we-lng-2026-02-11-game4-kill-over-41pt5,333.096,False,gas_lng,"成交额 < 5,000 USDC，流动性不足"
wti-closes-above-95-on-april-17-2026,330.582,False,price_level,"成交额 < 5,000 USDC，流动性不足"
will-there-be-60-or-more-average-daily-transits-of-the-strait-of-hormuz-on-april-3,329.116,False,supply_risk,"成交额 < 5,000 USDC，流动性不足"
wti-closes-above-90-on-april-24-2026,325.782,False,price_level,"成交额 < 5,000 USDC，流动性不足"
wti-closes-above-92-on-april-24-2026,325.449,False,price_level,"成交额 < 5,000 USDC，流动性不足"
will-wti-reach-100-by-april-13-2026,321.306,False,price_level,"成交额 < 5,000 USDC，流动性不足"
will-iran-strike-eastwest-crude-oil-pipeline-by-march-31,315.791,False,supply_risk,"成交额 < 5,000 USDC，流动性不足"
wti-closes-above-91-on-april-20-2026,307.484,False,price_level,"成交额 < 5,000 USDC，流动性不足"
will-wti-reach-120-by-march-30-2026,307.457,False,price_level,"成交额 < 5,000 USDC，流动性不足"
will-brentford-win-the-2024-carabao-cup,305.031,False,,排除：英超球队 Brentford FC
will-wti-dip-to-90-by-april-13-2026,303.528,False,price_level,"成交额 < 5,000 USDC，流动性不足"
will-starmer-say-energy-during-the-next-prime-ministers-questions-event,302.04,False,,排除：发言用词竞猜（讲话里会不会说某个词）
wti-up-or-down-on-march-26-2026,299.877,False,price_level,"成交额 < 5,000 USDC，流动性不足"
will-crude-oil-cl-settle-over-48-on-the-final-trading-day-of-february-2026,295.349,False,,关键词命中但不属于任何已定义主题（待人工复核）
will-wti-reach-130-in-may-2026-733,291.864,False,price_level,"成交额 < 5,000 USDC，流动性不足"
will-there-be-between-40-and-50-average-daily-transits-of-the-strait-of-hormuz-on-april-3,291.056,False,supply_risk,"成交额 < 5,000 USDC，流动性不足"
will-strait-of-hormuz-or-hormuz-strait-be-said-during-the-next-episode-of-the-all-in-podcast,288.822,False,,排除：发言用词竞猜（讲话里会不会说某个词）
lol-lng-up-2026-01-16-most-inhibitor,288.034,False,gas_lng,"成交额 < 5,000 USDC，流动性不足"
will-crude-oil-cl-settle-over-68-on-the-final-trading-day-of-march-2026,282.953,False,,关键词命中但不属于任何已定义主题（待人工复核）
lol-ig1-lng-2026-01-02-total-games-4pt5,277.829,False,gas_lng,"成交额 < 5,000 USDC，流动性不足"
will-lng-esports-win-demacia-cup-2025-977,277.116,False,,排除：电竞战队 LNG Esports
lol-we-lng-2026-02-11-game4-kill-over-27pt5,274.826,False,gas_lng,"成交额 < 5,000 USDC，流动性不足"
wti-closes-above-93-on-april-24-2026,272.815,False,price_level,"成交额 < 5,000 USDC，流动性不足"
wti-up-or-down-on-april-2-2026,272.141,False,price_level,"成交额 < 5,000 USDC，流动性不足"
will-keir-starmer-say-oil-or-gas-or-gasoline-during-the-next-prime-ministers-questions-event,257.946,False,,排除：发言用词竞猜（讲话里会不会说某个词）
will-trump-say-strait-or-hormuz-during-executive-order-signing-today,256.043,False,supply_risk,"成交额 < 5,000 USDC，流动性不足"
will-crude-oil-cl-settle-over-76-on-the-final-trading-day-of-march-2026,253.666,False,,关键词命中但不属于任何已定义主题（待人工复核）
wti-closes-above-90-on-april-27-2026,253.485,False,price_level,"成交额 < 5,000 USDC，流动性不足"
wti-closes-above-91-on-april-24-2026,240.13,False,price_level,"成交额 < 5,000 USDC，流动性不足"
will-50-74-ships-transit-the-strait-of-hormuz-between-april-27-may-3,239.111,False,supply_risk,"成交额 < 5,000 USDC，流动性不足"
lol-tt-lng-2026-02-11-game2-kill-over-38pt5,232.595,False,gas_lng,"成交额 < 5,000 USDC，流动性不足"
will-crude-oil-cl-hit-low-58-by-end-of-february,232.428,False,price_ladder,"成交额 < 5,000 USDC，流动性不足"
lol-lng-up-2026-01-16-most-drake,229.79,False,gas_lng,"成交额 < 5,000 USDC，流动性不足"
will-crude-oil-cl-settle-over-72-on-the-final-trading-day-of-march-2026,227.948,False,,关键词命中但不属于任何已定义主题（待人工复核）
lol-tt-lng-2026-02-11-game2-kill-over-40pt5,227.1,False,gas_lng,"成交额 < 5,000 USDC，流动性不足"
lol-tt-lng-2026-02-11-game2-kill-over-39pt5,221.821,False,gas_lng,"成交额 < 5,000 USDC，流动性不足"
lol-tt-lng-2026-02-11-game2-kill-over-45pt5,221.137,False,gas_lng,"成交额 < 5,000 USDC，流动性不足"
will-there-be-between-30-and-40-average-daily-transits-of-the-strait-of-hormuz-on-april-3,221.117,False,supply_risk,"成交额 < 5,000 USDC，流动性不足"
will-the-stars-beat-the-oilers-4-2,219.18,False,,排除：NHL 埃德蒙顿油人队 Edmonton Oilers
lol-tt-lng-2026-02-11-game2-kill-over-41pt5,218.445,False,gas_lng,"成交额 < 5,000 USDC，流动性不足"
lol-we-lng-2026-02-11-game3-kill-over-26pt5,213.521,False,gas_lng,"成交额 < 5,000 USDC，流动性不足"
lol-we-lng-2026-02-11-game2-kill-over-26pt5,212.316,False,gas_lng,"成交额 < 5,000 USDC，流动性不足"
lol-we-lng-2026-02-11-game2-kill-over-32pt5,212.306,False,gas_lng,"成交额 < 5,000 USDC，流动性不足"
will-wti-dip-to-50-by-april-20-2026,211.409,False,price_level,"成交额 < 5,000 USDC，流动性不足"
lol-tt-lng-2026-02-11-game2-kill-over-37pt5,210.215,False,gas_lng,"成交额 < 5,000 USDC，流动性不足"
lol-we-lng-2026-02-11-game3-kill-over-25pt5,208.015,False,gas_lng,"成交额 < 5,000 USDC，流动性不足"
lol-tt-lng-2026-02-11-game2-kill-over-34pt5,205.492,False,gas_lng,"成交额 < 5,000 USDC，流动性不足"
lol-tt-lng-2026-02-11-game1-kill-over-15pt5,204.796,False,gas_lng,"成交额 < 5,000 USDC，流动性不足"
wti-closes-above-84-on-april-21-2026,203.698,False,price_level,"成交额 < 5,000 USDC，流动性不足"
lol-lng-edg-2026-04-10-game-handicap-away-1pt5,194.333,False,gas_lng,"成交额 < 5,000 USDC，流动性不足"
wti-closes-above-84-on-april-22-2026,193.517,False,price_level,"成交额 < 5,000 USDC，流动性不足"
lol-we-lng-2026-02-11-game3-first-blood,193.327,False,gas_lng,"成交额 < 5,000 USDC，流动性不足"
will-oil-be-said-during-the-next-episode-of-the-all-in-podcast,192.932,False,,排除：发言用词竞猜（讲话里会不会说某个词）
lol-we-lng-2026-02-11-game2-kill-over-36pt5,189.629,False,gas_lng,"成交额 < 5,000 USDC，流动性不足"
lol-tt-lng-2026-02-11-game1-kill-over-29pt5,185.842,False,gas_lng,"成交额 < 5,000 USDC，流动性不足"
will-brentford-finish-in-last-place-in-the-2025-26-english-premier-league,183.888,False,,排除：英超球队 Brentford FC
nhl-2025-26-presidents-trophy-winner-edmonton-oilers,182.942,False,,排除：NHL 埃德蒙顿油人队 Edmonton Oilers
will-lng-esports-qualify-for-ewc-2026-779,179.178,False,,排除：电竞战队 LNG Esports
lol-tt-lng-2026-02-11-game-handicap-home-1pt5,178.582,False,gas_lng,"成交额 < 5,000 USDC，流动性不足"
will-arko-petroleum-corp-not-ipo-before-april-2026,176.148,False,,关键词命中但不属于任何已定义主题（待人工复核）
lol-lgd-lng-2026-02-01-game3-first-blood,175.844,False,gas_lng,"成交额 < 5,000 USDC，流动性不足"
will-crude-oil-cl-hit-low-54-by-end-of-february,174.028,False,price_ladder,"成交额 < 5,000 USDC，流动性不足"
will-mcdavid-extend-with-the-oilers-by-september-1,171.349,False,,排除：NHL 埃德蒙顿油人队 Edmonton Oilers
lol-lng-up-2026-01-16-kill-handicap-away-15pt5,167.996,False,gas_lng,"成交额 < 5,000 USDC，流动性不足"
wti-closes-above-88-on-april-24-2026,162.624,False,price_level,"成交额 < 5,000 USDC，流动性不足"
lol-lng-tt-2026-03-28-game1-first-blood,154.203,False,gas_lng,"成交额 < 5,000 USDC，流动性不足"
wti-up-or-down-on-march-25-2026,151.628,False,price_level,"成交额 < 5,000 USDC，流动性不足"
will-the-nyt-front-page-headlines-say-oil-this-week,148.299,False,,排除：发言用词竞猜（讲话里会不会说某个词）
lol-we-lng-2026-02-11-game3-kill-over-34pt5,145.035,False,gas_lng,"成交额 < 5,000 USDC，流动性不足"
lol-tt-lng-2026-02-11-game2-kill-over-48pt5,144.636,False,gas_lng,"成交额 < 5,000 USDC，流动性不足"
will-trump-say-strait-or-hormuz-during-healthcare-event,141.136,False,supply_risk,"成交额 < 5,000 USDC，流动性不足"
lol-lng-up-2026-01-16-kill-handicap-away-14pt5,138.249,False,gas_lng,"成交额 < 5,000 USDC，流动性不足"
will-wti-reach-130-by-april-13-2026,137.369,False,price_level,"成交额 < 5,000 USDC，流动性不足"
will-wti-reach-150-in-may-2026-196-364,136.341,False,price_level,"成交额 < 5,000 USDC，流动性不足"
lol-tt-lng-2026-02-11-game1-kill-over-26pt5,135.125,False,gas_lng,"成交额 < 5,000 USDC，流动性不足"
lol-lng-edg-2026-04-10-game2-first-blood,134.373,False,gas_lng,"成交额 < 5,000 USDC，流动性不足"
will-barrel-be-said-during-the-next-episode-of-the-all-in-podcast,130.22,False,,排除：发言用词竞猜（讲话里会不会说某个词）
lol-lng-edg-2026-04-10-game2-both-teams-destroy-inhibitors,129.007,False,gas_lng,"成交额 < 5,000 USDC，流动性不足"
lol-lng-up-2026-01-16-kill-handicap-away-13pt5,127.41,False,gas_lng,"成交额 < 5,000 USDC，流动性不足"
lol-omg-lng-2026-04-24-game2-first-blood,126.773,False,gas_lng,"成交额 < 5,000 USDC，流动性不足"
will-wti-dip-to-60-by-april-20-2026,125.947,False,price_level,"成交额 < 5,000 USDC，流动性不足"
will-the-oilers-beat-the-stars-4-2,125.08,False,,排除：NHL 埃德蒙顿油人队 Edmonton Oilers
lol-omg-lng-2026-04-24-game1-kill-over-24pt5,124.41,False,gas_lng,"成交额 < 5,000 USDC，流动性不足"
will-crude-oil-cl-settle-over-48-on-the-final-trading-day-of-march-2026,123.49,False,,关键词命中但不属于任何已定义主题（待人工复核）
lol-lng-edg-2026-04-10-game3-both-teams-destroy-inhibitors,122.551,False,gas_lng,"成交额 < 5,000 USDC，流动性不足"
will-wti-dip-to-65-by-april-13-2026,121.896,False,price_level,"成交额 < 5,000 USDC，流动性不足"
will-x-energys-market-cap-be-between-6b-and-7b-at-market-close-on-ipo-day,118.719,False,,排除：市值排名（Aramco 是标的之一）
nhl-playoffs-ducks-vs-oilers-total-games-ou-5pt5,118.447,False,,排除：NHL 埃德蒙顿油人队 Edmonton Oilers
will-saudi-aramco-be-the-largest-company-in-the-world-by-market-cap-on-may-31,118.304,False,,排除：市值排名（Aramco 是标的之一）
lol-we-lng-2026-02-11-game4-kill-over-29pt5,117.699,False,gas_lng,"成交额 < 5,000 USDC，流动性不足"
will-wti-reach-100-in-may-2026-298-559-638-975-135-899-154,115.273,False,price_level,"成交额 < 5,000 USDC，流动性不足"
wti-closes-above-97-on-april-17-2026,115.064,False,price_level,"成交额 < 5,000 USDC，流动性不足"
will-wti-dip-to-55-by-april-20-2026,112.627,False,price_level,"成交额 < 5,000 USDC，流动性不足"
lol-we-lng-2026-02-11-game3-kill-over-31pt5,112.294,False,gas_lng,"成交额 < 5,000 USDC，流动性不足"
lol-lng-edg-2026-04-10-game2-kill-over-23pt5,111.09,False,gas_lng,"成交额 < 5,000 USDC，流动性不足"
lol-lng-edg-2026-04-10-game1-kill-over-24pt5,111,False,gas_lng,"成交额 < 5,000 USDC，流动性不足"
lol-lng-edg-2026-04-10-game1-kill-over-29pt5,111,False,gas_lng,"成交额 < 5,000 USDC，流动性不足"
will-crude-oil-cl-settle-over-52-on-the-final-trading-day-of-march-2026,109.836,False,,关键词命中但不属于任何已定义主题（待人工复核）
will-crude-oil-cl-settle-at-80-in-february,109.38,False,price_ladder,"成交额 < 5,000 USDC，流动性不足"
wti-closes-above-95-on-april-28-2026,108.661,False,price_level,"成交额 < 5,000 USDC，流动性不足"
will-opec-hike-production-by-next-meeting-561,107.38,False,opec_supply,"成交额 < 5,000 USDC，流动性不足"
will-matthew-tkachuk-score-1-goals-against-the-oilers,107.172,False,,排除：NHL 埃德蒙顿油人队 Edmonton Oilers
will-crude-oil-cl-settle-at-50-55-in-february,106.378,False,price_ladder,"成交额 < 5,000 USDC，流动性不足"
will-leavitt-say-gasoline-or-egg-during-the-next-press-briefing,105.441,False,,排除：发言用词竞猜（讲话里会不会说某个词）
will-crude-oil-cl-settle-at-55-60-in-february,104.577,False,price_ladder,"成交额 < 5,000 USDC，流动性不足"
will-crude-oil-cl-settle-at-75-80-in-february,103.5,False,price_ladder,"成交额 < 5,000 USDC，流动性不足"
will-crude-oil-cl-settle-at-60-65-in-february,103.345,False,price_ladder,"成交额 < 5,000 USDC，流动性不足"
lol-lng-edg-2026-04-10-game2-kill-over-20pt5,102.12,False,gas_lng,"成交额 < 5,000 USDC，流动性不足"
lol-lng-edg-2026-04-10-game2-kill-over-22pt5,101.11,False,gas_lng,"成交额 < 5,000 USDC，流动性不足"
lol-lng-edg-2026-04-10-game2-kill-over-21pt5,101.11,False,gas_lng,"成交额 < 5,000 USDC，流动性不足"
lol-lng-edg-2026-04-10-game2-kill-over-24pt5,100.065,False,gas_lng,"成交额 < 5,000 USDC，流动性不足"
lol-tt-lng-2026-02-11-game3-kill-over-37pt5,100.06,False,gas_lng,"成交额 < 5,000 USDC，流动性不足"
wti-closes-above-93-on-april-20-2026,99.4119,False,price_level,"成交额 < 5,000 USDC，流动性不足"
lol-lng-edg-2026-04-10-game1-kill-over-13pt5,99.25,False,gas_lng,"成交额 < 5,000 USDC，流动性不足"
lol-we-lng-2026-02-11-game1-kill-over-45pt5,98.4228,False,gas_lng,"成交额 < 5,000 USDC，流动性不足"
will-wti-reach-110-in-may-2026-116-472,94.4055,False,price_level,"成交额 < 5,000 USDC，流动性不足"
will-wti-reach-130-by-march-30-2026,92.8569,False,price_level,"成交额 < 5,000 USDC，流动性不足"
will-oil-be-said-during-the-first-episode-of-the-joe-rogan-experience-this-week-january-18,92.601,False,,关键词命中但不属于任何已定义主题（待人工复核）
lol-lng-up-2026-01-16-tower-handicap-away-10pt5,83.0147,False,gas_lng,"成交额 < 5,000 USDC，流动性不足"
lol-omg-lng-2026-04-24-game1-kill-over-23pt5,81.8051,False,gas_lng,"成交额 < 5,000 USDC，流动性不足"
wti-up-or-down-on-march-27-2026,80.4198,False,price_level,"成交额 < 5,000 USDC，流动性不足"
lol-we-lng-2026-02-11-game3-kill-over-45pt5,79.9385,False,gas_lng,"成交额 < 5,000 USDC，流动性不足"
will-lng-esports-win-the-lpl-2026-split-1-playoffs-491,79.8965,False,,排除：电竞战队 LNG Esports
lol-we-lng-2026-02-11-game4-kill-over-40pt5,79.7087,False,gas_lng,"成交额 < 5,000 USDC，流动性不足"
will-crude-oil-cl-hit-high-56-by-end-of-june-768,71.7683,False,price_ladder,"成交额 < 5,000 USDC，流动性不足"
will-brent-rooker-win-the-2026-edgar-martinez-outstanding-designated-hitter-award,71,False,,关键词命中但不属于任何已定义主题（待人工复核）
will-mark-rutte-say-energy-during-meeting-with-prime-minister-of-czechia,70.9876,False,,排除：发言用词竞猜（讲话里会不会说某个词）
ukraine-strikes-another-tanker-in-black-sea-by-february-14-2026,68.9949,False,supply_risk,"成交额 < 5,000 USDC，流动性不足"
ukraine-strikes-another-tanker-in-black-sea-by-april-15-2026,65.5767,False,supply_risk,"成交额 < 5,000 USDC，流动性不足"
lol-lng-omg-2026-01-16-game-handicap-away-1pt5,64.3247,False,gas_lng,"成交额 < 5,000 USDC，流动性不足"
will-the-oilers-beat-the-stars-4-3,61.6662,False,,排除：NHL 埃德蒙顿油人队 Edmonton Oilers
wti-closes-above-94-on-april-28-2026,61.4626,False,price_level,"成交额 < 5,000 USDC，流动性不足"
will-wti-reach-125-by-march-30-2026,60.8276,False,price_level,"成交额 < 5,000 USDC，流动性不足"
wti-closes-above-85-on-april-23-2026,59.954,False,price_level,"成交额 < 5,000 USDC，流动性不足"
will-crude-oil-cl-hit-high-64-by-end-of-february,59.5211,False,price_ladder,"成交额 < 5,000 USDC，流动性不足"
will-leavitt-say-gasoline-during-next-white-house-press-briefing,59.086,False,,排除：发言用词竞猜（讲话里会不会说某个词）
lol-lng-tt-2026-03-28-game1-kill-over-27pt5,57.05,False,gas_lng,"成交额 < 5,000 USDC，流动性不足"
will-trump-nominate-another-person-for-energy-secretary,55.74,False,,排除：人事提名，非商品市场
will-tesla-say-refinery-during-earnings-call,55.7319,False,,关键词命中但不属于任何已定义主题（待人工复核）
lol-we-lng-2026-02-11-game3-kill-over-46pt5,52.9654,False,gas_lng,"成交额 < 5,000 USDC，流动性不足"
lol-we-lng-2026-02-11-game3-kill-over-48pt5,52.9504,False,gas_lng,"成交额 < 5,000 USDC，流动性不足"
will-crude-oil-cl-settle-at-65-70-in-february,52.1804,False,price_ladder,"成交额 < 5,000 USDC，流动性不足"
lol-lng-edg-2026-04-10-game2-both-teams-slay-dragon,51.4657,False,gas_lng,"成交额 < 5,000 USDC，流动性不足"
lol-tt-lng-2026-02-11-game1-kill-over-20pt5,50.8469,False,gas_lng,"成交额 < 5,000 USDC，流动性不足"
will-wti-reach-120-by-april-27-2026,50.1869,False,price_level,"成交额 < 5,000 USDC，流动性不足"
wti-closes-above-89-on-april-23-2026,50.1191,False,price_level,"成交额 < 5,000 USDC，流动性不足"
will-wti-dip-to-75-by-april-27-2026,50.013,False,price_level,"成交额 < 5,000 USDC，流动性不足"
will-there-be-between-50-and-60-average-daily-transits-of-the-strait-of-hormuz-on-april-3,49.9783,False,supply_risk,"成交额 < 5,000 USDC，流动性不足"
lol-lng-edg-2026-04-10-game1-kill-over-27pt5,48.9413,False,gas_lng,"成交额 < 5,000 USDC，流动性不足"
lol-lng-edg-2026-04-10-game1-kill-over-28pt5,45.4451,False,gas_lng,"成交额 < 5,000 USDC，流动性不足"
lol-lng-edg-2026-04-10-game1-kill-over-26pt5,45.4451,False,gas_lng,"成交额 < 5,000 USDC，流动性不足"
will-crude-oil-cl-hit-low-56-by-end-of-february,43.8296,False,price_ladder,"成交额 < 5,000 USDC，流动性不足"
lol-lng-edg-2026-04-10-game1-both-teams-slay-dragon,43.6025,False,gas_lng,"成交额 < 5,000 USDC，流动性不足"
lol-omg-lng-2026-04-24-game1-kill-over-25pt5,41.5665,False,gas_lng,"成交额 < 5,000 USDC，流动性不足"
lol-we-lng-2026-02-11-game4-kill-over-28pt5,41.1847,False,gas_lng,"成交额 < 5,000 USDC，流动性不足"
wti-closes-above-93-on-april-28-2026,40.9407,False,price_level,"成交额 < 5,000 USDC，流动性不足"
will-saudi-aramco-be-the-second-largest-company-in-the-world-by-market-cap-on-may-31,39.4924,False,,排除：市值排名（Aramco 是标的之一）
wti-closes-above-90-on-april-23-2026,37.2288,False,price_level,"成交额 < 5,000 USDC，流动性不足"
will-x-energy-not-ipo-before-june-2026,36.8677,False,,关键词命中但不属于任何已定义主题（待人工复核）
will-wti-dip-to-75-by-march-30-2026,36.5491,False,price_level,"成交额 < 5,000 USDC，流动性不足"
lol-tt-lng-2026-02-11-game2-kill-over-23pt5,36.4301,False,gas_lng,"成交额 < 5,000 USDC，流动性不足"
lol-lng-tt-2026-03-28-game2-kill-over-30pt5,36.1509,False,gas_lng,"成交额 < 5,000 USDC，流动性不足"
will-wti-reach-115-by-april-27-2026,35.57,False,price_level,"成交额 < 5,000 USDC，流动性不足"
will-us-crude-oil-reserves-fall-to-300m-by-june-5,35.384,False,fundamentals,"成交额 < 5,000 USDC，流动性不足"
lol-tt-lng-2026-02-11-game2-kill-over-44pt5,34.8197,False,gas_lng,"成交额 < 5,000 USDC，流动性不足"
will-the-nyt-front-page-headlines-say-strait-of-hormuz-this-week,34.0684,False,supply_risk,"成交额 < 5,000 USDC，流动性不足"
will-trump-say-egg-or-gasoline-or-gas-during-fox-interview-on-tuesday,33.5678,False,,排除：发言用词竞猜（讲话里会不会说某个词）
will-75-99-ships-transit-the-strait-of-hormuz-between-april-27-may-3,33.5267,False,supply_risk,"成交额 < 5,000 USDC，流动性不足"
will-wti-dip-to-60-by-april-27-2026,31.3913,False,price_level,"成交额 < 5,000 USDC，流动性不足"
nfl-ten-jax-2026-01-04-first-td-brenton-strange,31.1159,False,,关键词命中但不属于任何已定义主题（待人工复核）
will-crude-oil-cl-settle-over-60-on-the-final-trading-day-of-february-2026,30.3894,False,,关键词命中但不属于任何已定义主题（待人工复核）
lol-lng-up-2026-01-16-total-games-2pt5,30.3838,False,gas_lng,"成交额 < 5,000 USDC，流动性不足"
lol-tt-lng-2026-02-11-game3-kill-over-22pt5,29.2692,False,gas_lng,"成交额 < 5,000 USDC，流动性不足"
lol-lgd-lng-2026-02-01-game2-first-blood,27.992,False,gas_lng,"成交额 < 5,000 USDC，流动性不足"
wti-closes-above-82-on-april-21-2026,27.8816,False,price_level,"成交额 < 5,000 USDC，流动性不足"
will-25-49-ships-transit-the-strait-of-hormuz-between-april-27-may-3,27.0283,False,supply_risk,"成交额 < 5,000 USDC，流动性不足"
wti-closes-above-83-on-april-21-2026,26.79,False,price_level,"成交额 < 5,000 USDC，流动性不足"
will-wti-reach-140-in-may-2026-916,26.6985,False,price_level,"成交额 < 5,000 USDC，流动性不足"
lol-tt-lng-2026-02-11-game2-kill-over-43pt5,25.0997,False,gas_lng,"成交额 < 5,000 USDC，流动性不足"
lol-omg-lng-2026-04-24-game-handicap-away-1pt5,24.7455,False,gas_lng,"成交额 < 5,000 USDC，流动性不足"
will-wti-dip-to-95-by-april-13-2026,22.404,False,price_level,"成交额 < 5,000 USDC，流动性不足"
lol-lng-edg-2026-04-10-game3-both-teams-slay-dragon,22.1008,False,gas_lng,"成交额 < 5,000 USDC，流动性不足"
lol-tt-lng-2026-02-11-game2-kill-over-46pt5,21.6416,False,gas_lng,"成交额 < 5,000 USDC，流动性不足"
lol-tt-lng-2026-02-11-game2-kill-over-47pt5,21.6256,False,gas_lng,"成交额 < 5,000 USDC，流动性不足"
earnings-mentions-bank-of-america-2026-01-14-pipeline-1-times,21.4473,False,,关键词命中但不属于任何已定义主题（待人工复核）
lol-lng-edg-2026-04-10-game2-kill-over-25pt5,21.1199,False,gas_lng,"成交额 < 5,000 USDC，流动性不足"
will-trump-say-pipeline-during-his-meeting-with-the-nato-secretary-general,20.64,False,,排除：发言用词竞猜（讲话里会不会说某个词）
will-wti-crude-oil-wti-hit-high-90-in-may-621-225-536,20.6261,False,price_level,"成交额 < 5,000 USDC，流动性不足"
lol-lgd-lng-2026-02-01-game1-first-blood,20.0306,False,gas_lng,"成交额 < 5,000 USDC，流动性不足"
will-crude-oil-cl-settle-over-44-on-the-final-trading-day-of-february-2026,18.7227,False,,关键词命中但不属于任何已定义主题（待人工复核）
will-wti-dip-to-80-by-march-30-2026,17.834,False,price_level,"成交额 < 5,000 USDC，流动性不足"
will-kyle-larson-win-the-2025-cracker-barrel-400,17.7626,False,,排除：餐饮公司 Cracker Barrel
lol-lng-up-2026-01-16-most-nashor,17.7222,False,gas_lng,"成交额 < 5,000 USDC，流动性不足"
will-crude-oil-cl-hit-high-60-by-end-of-june-325,17.4631,False,price_ladder,"成交额 < 5,000 USDC，流动性不足"
will-wti-reach-120-in-may-2026-592-217,17.3699,False,price_level,"成交额 < 5,000 USDC，流动性不足"
wti-closes-above-86-on-april-23-2026,17.365,False,price_level,"成交额 < 5,000 USDC，流动性不足"
wti-closes-above-87-on-april-23-2026,16.975,False,price_level,"成交额 < 5,000 USDC，流动性不足"
wti-closes-above-88-on-april-23-2026,16.625,False,price_level,"成交额 < 5,000 USDC，流动性不足"
will-brentford-win-the-202526-carabao-cup,15.9429,False,,排除：英超球队 Brentford FC
lol-we-lng-2026-02-11-game3-kill-over-24pt5,15.8679,False,gas_lng,"成交额 < 5,000 USDC，流动性不足"
will-denny-hamlin-win-the-2025-cracker-barrel-400,14.3334,False,,排除：餐饮公司 Cracker Barrel
qatarenergy-announcesresumes-lng-production-in-qatar-by-may-31,13,False,gas_lng,"成交额 < 5,000 USDC，流动性不足"
lol-we-lng-2026-02-11-game3-kill-over-33pt5,12.6766,False,gas_lng,"成交额 < 5,000 USDC，流动性不足"
will-the-stars-beat-the-oilers-4-0,12.4723,False,,排除：NHL 埃德蒙顿油人队 Edmonton Oilers
will-wti-dip-to-100-by-march-30-2026,12.3171,False,price_level,"成交额 < 5,000 USDC，流动性不足"
lol-lng-tt-2026-03-28-game1-any-player-penta-kill,12.2963,False,gas_lng,"成交额 < 5,000 USDC，流动性不足"
will-brentford-beat-crystal-palace-2182023,11.8519,False,,排除：英超球队 Brentford FC
will-125-149-ships-transit-the-strait-of-hormuz-between-april-27-may-3,11.7578,False,supply_risk,"成交额 < 5,000 USDC，流动性不足"
lol-lng-edg-2026-04-10-game1-any-player-quadra-kill,11.4162,False,gas_lng,"成交额 < 5,000 USDC，流动性不足"
lol-tt-lng-2026-02-11-game1-kill-over-25pt5,11.0806,False,gas_lng,"成交额 < 5,000 USDC，流动性不足"
lol-lng-edg-2026-04-10-game1-any-player-penta-kill,10.9136,False,gas_lng,"成交额 < 5,000 USDC，流动性不足"
lol-tt-lng-2026-02-11-game1-kill-over-24pt5,10.6103,False,gas_lng,"成交额 < 5,000 USDC，流动性不足"
will-natural-gas-ng-hit-high-3pt00-in-may,10.4082,False,gas_lng,"成交额 < 5,000 USDC，流动性不足"
will-crude-oil-cl-settle-over-56-on-the-final-trading-day-of-february-2026,10.114,False,,关键词命中但不属于任何已定义主题（待人工复核）
lol-omg-lng-2026-04-24-game1-kill-over-18pt5,10.08,False,gas_lng,"成交额 < 5,000 USDC，流动性不足"
will-100-124-ships-transit-the-strait-of-hormuz-between-april-27-may-3,8.88,False,supply_risk,"成交额 < 5,000 USDC，流动性不足"
will-wti-reach-105-by-april-13-2026,8.40357,False,price_level,"成交额 < 5,000 USDC，流动性不足"
lol-tt-lng-2026-02-11-game2-kill-over-42pt5,8.24666,False,gas_lng,"成交额 < 5,000 USDC，流动性不足"
will-wti-reach-85-by-april-20-2026,8.08711,False,price_level,"成交额 < 5,000 USDC，流动性不足"
nhl-2025-26-james-norris-memorial-trophy-brent-burns,8.02598,False,,排除：体育赛事（球队名里含 oil/brent）
lol-tt-lng-2026-02-11-game1-kill-over-22pt5,7.76386,False,gas_lng,"成交额 < 5,000 USDC，流动性不足"
will-brent-rooker-win-the-2025-mlb-all-star-game-mvp,7.3,False,,排除：体育赛事（球队名里含 oil/brent）
lol-tt-lng-2026-02-11-game1-kill-over-19pt5,7.23669,False,gas_lng,"成交额 < 5,000 USDC，流动性不足"
will-crude-oil-cl-settle-over-64-on-the-final-trading-day-of-february-2026,7.14996,False,,关键词命中但不属于任何已定义主题（待人工复核）
will-wti-dip-to-65-by-april-20-2026,6.83315,False,price_level,"成交额 < 5,000 USDC，流动性不足"
will-crude-oil-cl-settle-over-52-on-the-final-trading-day-of-february-2026,6.81567,False,,关键词命中但不属于任何已定义主题（待人工复核）
lol-tt-lng-2026-02-11-game1-kill-over-17pt5,6.27924,False,gas_lng,"成交额 < 5,000 USDC，流动性不足"
will-wti-dip-to-90-by-march-30-2026,6.15106,False,price_level,"成交额 < 5,000 USDC，流动性不足"
lol-lng-edg-2026-04-10-game1-kill-over-20pt5,6.13401,False,gas_lng,"成交额 < 5,000 USDC，流动性不足"
lol-lng-edg-2026-04-10-game1-kill-over-23pt5,6.13401,False,gas_lng,"成交额 < 5,000 USDC，流动性不足"
lol-lng-edg-2026-04-10-game1-both-teams-destroy-inhibitors,5.9973,False,gas_lng,"成交额 < 5,000 USDC，流动性不足"
will-the-stars-beat-the-oilers-4-3,5.80818,False,,排除：NHL 埃德蒙顿油人队 Edmonton Oilers
will-wti-dip-to-20-in-may-2026-865-174-115-863-197-663-536-962-219-163-329-638,5.691,False,price_level,"成交额 < 5,000 USDC，流动性不足"
will-crude-oil-cl-settle-over-76-on-the-final-trading-day-of-february-2026,5.29299,False,,关键词命中但不属于任何已定义主题（待人工复核）
will-crude-oil-cl-settle-over-72-on-the-final-trading-day-of-february-2026,5.29298,False,,关键词命中但不属于任何已定义主题（待人工复核）
lol-lng-edg-2026-04-10-game1-kill-over-19pt5,5.13501,False,gas_lng,"成交额 < 5,000 USDC，流动性不足"
will-ryan-blaney-win-the-2025-cracker-barrel-400,5.13,False,,排除：餐饮公司 Cracker Barrel
lol-lng-edg-2026-04-10-game2-kill-over-29pt5,4.955,False,gas_lng,"成交额 < 5,000 USDC，流动性不足"
lol-tt-lng-2026-02-11-game1-first-blood,4.83221,False,gas_lng,"成交额 < 5,000 USDC，流动性不足"
will-brenton-doyle-lead-the-mlb-in-stolen-bases-for-the-2026-regular-season,4.75,False,,排除：体育赛事（球队名里含 oil/brent）
lol-tt-lng-2026-02-11-game2-kill-over-32pt5,4.64889,False,gas_lng,"成交额 < 5,000 USDC，流动性不足"
lol-lng-tt-2026-03-28-game-handicap-home-1pt5,4.39783,False,gas_lng,"成交额 < 5,000 USDC，流动性不足"
lol-we-lng-2026-02-11-game-handicap-away-2pt5,4.07813,False,gas_lng,"成交额 < 5,000 USDC，流动性不足"
lol-we-lng-2026-02-11-game1-first-blood,3.9878,False,gas_lng,"成交额 < 5,000 USDC，流动性不足"
lol-we-lng-2026-02-11-game3-kill-over-37pt5,3.95024,False,gas_lng,"成交额 < 5,000 USDC，流动性不足"
lol-we-lng-2026-02-11-game2-kill-over-35pt5,3.76153,False,gas_lng,"成交额 < 5,000 USDC，流动性不足"
lol-tt-lng-2026-02-11-game2-kill-over-49pt5,3.75098,False,gas_lng,"成交额 < 5,000 USDC，流动性不足"
lol-we-lng-2026-02-11-game4-kill-over-31pt5,3.73815,False,gas_lng,"成交额 < 5,000 USDC，流动性不足"
lol-we-lng-2026-02-11-game2-kill-over-33pt5,3.7309,False,gas_lng,"成交额 < 5,000 USDC，流动性不足"
lol-we-lng-2026-02-11-game4-kill-over-32pt5,3.7269,False,gas_lng,"成交额 < 5,000 USDC，流动性不足"
lol-we-lng-2026-02-11-game4-kill-over-36pt5,3.7269,False,gas_lng,"成交额 < 5,000 USDC，流动性不足"
lol-we-lng-2026-02-11-game4-kill-over-37pt5,3.7269,False,gas_lng,"成交额 < 5,000 USDC，流动性不足"
lol-we-lng-2026-02-11-game4-kill-over-35pt5,3.7269,False,gas_lng,"成交额 < 5,000 USDC，流动性不足"
lol-we-lng-2026-02-11-game4-kill-over-30pt5,3.72689,False,gas_lng,"成交额 < 5,000 USDC，流动性不足"
lol-we-lng-2026-02-11-game3-kill-over-35pt5,3.70963,False,gas_lng,"成交额 < 5,000 USDC，流动性不足"
lol-tt-lng-2026-02-11-game3-kill-over-30pt5,3.701,False,gas_lng,"成交额 < 5,000 USDC，流动性不足"
lol-tt-lng-2026-02-11-game3-kill-over-31pt5,3.701,False,gas_lng,"成交额 < 5,000 USDC，流动性不足"
lol-we-lng-2026-02-11-game4-kill-over-38pt5,3.6969,False,gas_lng,"成交额 < 5,000 USDC，流动性不足"
lol-we-lng-2026-02-11-game4-kill-over-34pt5,3.6969,False,gas_lng,"成交额 < 5,000 USDC，流动性不足"
lol-we-lng-2026-02-11-game4-kill-over-39pt5,3.6969,False,gas_lng,"成交额 < 5,000 USDC，流动性不足"
lol-we-lng-2026-02-11-game4-kill-over-33pt5,3.6968,False,gas_lng,"成交额 < 5,000 USDC，流动性不足"
lol-tt-lng-2026-02-11-game1-kill-over-16pt5,3.6456,False,gas_lng,"成交额 < 5,000 USDC，流动性不足"
lol-lng-lgd-2026-01-21-kill-handicap-away-8pt5,3.57714,False,gas_lng,"成交额 < 5,000 USDC，流动性不足"
will-the-stars-beat-the-oilers-4-1,3.5,False,,排除：NHL 埃德蒙顿油人队 Edmonton Oilers
lol-we-lng-2026-02-11-game2-kill-over-38pt5,3.48652,False,gas_lng,"成交额 < 5,000 USDC，流动性不足"
lol-tt-lng-2026-02-11-game2-kill-over-50pt5,3.461,False,gas_lng,"成交额 < 5,000 USDC，流动性不足"
lol-tt-lng-2026-02-11-game2-kill-over-51pt5,3.461,False,gas_lng,"成交额 < 5,000 USDC，流动性不足"
lol-tt-lng-2026-02-11-game2-kill-over-52pt5,3.46099,False,gas_lng,"成交额 < 5,000 USDC，流动性不足"
lol-we-lng-2026-02-11-game2-kill-over-39pt5,3.39652,False,gas_lng,"成交额 < 5,000 USDC，流动性不足"
nfl-ten-jax-2026-01-04-anytime-td-brenton-strange,3.3883,False,,关键词命中但不属于任何已定义主题（待人工复核）
lol-we-lng-2026-02-11-game1-kill-over-38pt5,3.2579,False,gas_lng,"成交额 < 5,000 USDC，流动性不足"
lol-we-lng-2026-02-11-game1-kill-over-35pt5,3.22253,False,gas_lng,"成交额 < 5,000 USDC，流动性不足"
lol-we-lng-2026-02-11-game3-kill-over-42pt5,3.2146,False,gas_lng,"成交额 < 5,000 USDC，流动性不足"
lol-lng-edg-2026-04-10-game2-kill-over-28pt5,3.2136,False,gas_lng,"成交额 < 5,000 USDC，流动性不足"
lol-we-lng-2026-02-11-game1-kill-over-37pt5,3.20853,False,gas_lng,"成交额 < 5,000 USDC，流动性不足"
lol-we-lng-2026-02-11-game1-kill-over-36pt5,3.19253,False,gas_lng,"成交额 < 5,000 USDC，流动性不足"
lol-we-lng-2026-02-11-game1-kill-over-32pt5,3.09879,False,gas_lng,"成交额 < 5,000 USDC，流动性不足"
lol-lng-edg-2026-04-10-game2-any-player-penta-kill,3.04928,False,gas_lng,"成交额 < 5,000 USDC，流动性不足"
lol-tt-lng-2026-02-11-game3-kill-over-23pt5,3.0334,False,gas_lng,"成交额 < 5,000 USDC，流动性不足"
lol-we-lng-2026-02-11-game2-kill-over-41pt5,3.00651,False,gas_lng,"成交额 < 5,000 USDC，流动性不足"
lol-lng-tt-2026-03-28-game2-odd-even-total-kills,3.0005,False,gas_lng,"成交额 < 5,000 USDC，流动性不足"
lol-tt-lng-2026-02-11-game1-kill-over-23pt5,2.96529,False,gas_lng,"成交额 < 5,000 USDC，流动性不足"
lol-we-lng-2026-02-11-game1-kill-over-39pt5,2.9552,False,gas_lng,"成交额 < 5,000 USDC，流动性不足"
lol-we-lng-2026-02-11-game1-kill-over-33pt5,2.94952,False,gas_lng,"成交额 < 5,000 USDC，流动性不足"
lol-we-lng-2026-02-11-game1-kill-over-34pt5,2.93953,False,gas_lng,"成交额 < 5,000 USDC，流动性不足"
lol-we-lng-2026-02-11-game1-kill-over-42pt5,2.8989,False,gas_lng,"成交额 < 5,000 USDC，流动性不足"
lol-we-lng-2026-02-11-game1-kill-over-41pt5,2.8989,False,gas_lng,"成交额 < 5,000 USDC，流动性不足"
lol-lng-tt-2026-03-28-game1-odd-even-total-kills,2.8855,False,gas_lng,"成交额 < 5,000 USDC，流动性不足"
will-150-or-more-ships-transit-the-strait-of-hormuz-between-april-27-may-3,2.814,False,supply_risk,"成交额 < 5,000 USDC，流动性不足"
lol-lgd-lng-2026-02-01-game-handicap-away-1pt5,2.7626,False,gas_lng,"成交额 < 5,000 USDC，流动性不足"
lol-tt-lng-2026-02-11-game1-kill-over-21pt5,2.7512,False,gas_lng,"成交额 < 5,000 USDC，流动性不足"
lol-we-lng-2026-02-11-game3-kill-over-36pt5,2.72763,False,gas_lng,"成交额 < 5,000 USDC，流动性不足"
lol-lng-edg-2026-04-10-game2-both-teams-slay-baron,2.68729,False,gas_lng,"成交额 < 5,000 USDC，流动性不足"
lol-we-lng-2026-02-11-game3-kill-over-32pt5,2.68063,False,gas_lng,"成交额 < 5,000 USDC，流动性不足"
lol-we-lng-2026-02-11-game3-kill-over-38pt5,2.66459,False,gas_lng,"成交额 < 5,000 USDC，流动性不足"
lol-we-lng-2026-02-11-game3-kill-over-41pt5,2.62822,False,gas_lng,"成交额 < 5,000 USDC，流动性不足"
will-brent-barker-be-the-republican-nominee-for-senate-in-oregon,2.62316,False,,排除：人事任免，非商品市场
lol-we-lng-2026-02-11-game3-kill-over-29pt5,2.6079,False,gas_lng,"成交额 < 5,000 USDC，流动性不足"
lol-we-lng-2026-02-11-game1-kill-over-26pt5,2.60752,False,gas_lng,"成交额 < 5,000 USDC，流动性不足"
lol-we-lng-2026-02-11-game3-kill-over-43pt5,2.54601,False,gas_lng,"成交额 < 5,000 USDC，流动性不足"
lol-we-lng-2026-02-11-game3-kill-over-44pt5,2.54601,False,gas_lng,"成交额 < 5,000 USDC，流动性不足"
lol-we-lng-2026-02-11-game2-kill-over-34pt5,2.54152,False,gas_lng,"成交额 < 5,000 USDC，流动性不足"
lol-we-lng-2026-02-11-game2-kill-over-40pt5,2.501,False,gas_lng,"成交额 < 5,000 USDC，流动性不足"
will-wti-dip-to-40-in-may-2026-286-341-192-757-961-613-811-817-951-378-218-432-375,2.4903,False,price_level,"成交额 < 5,000 USDC，流动性不足"
lol-we-lng-2026-02-11-game4-first-blood,2.4749,False,gas_lng,"成交额 < 5,000 USDC，流动性不足"
lol-we-lng-2026-02-11-game4-kill-over-45pt5,2.465,False,gas_lng,"成交额 < 5,000 USDC，流动性不足"
lol-we-lng-2026-02-11-game4-kill-over-46pt5,2.465,False,gas_lng,"成交额 < 5,000 USDC，流动性不足"
lol-we-lng-2026-02-11-game4-kill-over-44pt5,2.465,False,gas_lng,"成交额 < 5,000 USDC，流动性不足"
lol-we-lng-2026-02-11-game3-kill-over-27pt5,2.43463,False,gas_lng,"成交额 < 5,000 USDC，流动性不足"
lol-we-lng-2026-02-11-game3-kill-over-28pt5,2.42087,False,gas_lng,"成交额 < 5,000 USDC，流动性不足"
lol-omg-lng-2026-04-24-game1-any-player-penta-kill,2.385,False,gas_lng,"成交额 < 5,000 USDC，流动性不足"
lol-we-lng-2026-02-11-game1-kill-over-43pt5,2.369,False,gas_lng,"成交额 < 5,000 USDC，流动性不足"
will-wti-reach-125-by-april-27-2026,2.3604,False,price_level,"成交额 < 5,000 USDC，流动性不足"
lol-we-lng-2026-02-11-game1-kill-over-44pt5,2.33799,False,gas_lng,"成交额 < 5,000 USDC，流动性不足"
lol-tt-lng-2026-05-03-game2-any-player-penta-kill,2.2595,False,gas_lng,"成交额 < 5,000 USDC，流动性不足"
lol-we-lng-2026-02-11-game4-kill-over-43pt5,2.25763,False,gas_lng,"成交额 < 5,000 USDC，流动性不足"
lol-we-lng-2026-02-11-game4-kill-over-42pt5,2.252,False,gas_lng,"成交额 < 5,000 USDC，流动性不足"
lol-lng-edg-2026-04-10-game2-kill-over-19pt5,2.25,False,gas_lng,"成交额 < 5,000 USDC，流动性不足"
will-wti-dip-to-70-by-march-30-2026,2.10536,False,price_level,"成交额 < 5,000 USDC，流动性不足"
lol-we-lng-2026-02-11-game2-kill-over-37pt5,2.07206,False,gas_lng,"成交额 < 5,000 USDC，流动性不足"
lol-we-lng-2026-02-11-game2-kill-over-50pt5,2.06098,False,gas_lng,"成交额 < 5,000 USDC，流动性不足"
lol-lng-tt-2026-03-28-game2-first-blood,2.0516,False,gas_lng,"成交额 < 5,000 USDC，流动性不足"
will-wti-dip-to-50-in-may-2026-693-355-551-137-237-293-116-333-615-711-387-644-146,2.01265,False,price_level,"成交额 < 5,000 USDC，流动性不足"
will-wti-dip-to-30-in-may-2026-668-273-232-424-957-651-726-496-699-125-667-922-317,2.0086,False,price_level,"成交额 < 5,000 USDC，流动性不足"
lol-tt-lng-2026-05-03-game1-any-player-penta-kill,1.939,False,gas_lng,"成交额 < 5,000 USDC，流动性不足"
lol-tt-lng-2026-02-11-game1-kill-over-27pt5,1.92023,False,gas_lng,"成交额 < 5,000 USDC，流动性不足"
lol-lng-omg-2026-01-16-kill-handicap-away-10pt5,1.9158,False,gas_lng,"成交额 < 5,000 USDC，流动性不足"
lol-lng-omg-2026-01-16-kill-handicap-away-8pt5,1.9158,False,gas_lng,"成交额 < 5,000 USDC，流动性不足"
lol-lng-omg-2026-01-16-kill-handicap-away-11pt5,1.861,False,gas_lng,"成交额 < 5,000 USDC，流动性不足"
will-saudi-aramco-be-the-third-largest-company-in-the-world-by-market-cap-on-may-31,1.85658,False,,排除：市值排名（Aramco 是标的之一）
lol-lng-omg-2026-01-16-kill-handicap-away-9pt5,1.85,False,gas_lng,"成交额 < 5,000 USDC，流动性不足"
lol-lng-lgd-2026-01-21-tower-handicap-away-6pt5,1.832,False,gas_lng,"成交额 < 5,000 USDC，流动性不足"
lol-we-lng-2026-02-11-game1-kill-over-31pt5,1.79389,False,gas_lng,"成交额 < 5,000 USDC，流动性不足"
lol-lng-lgd-2026-01-21-drake-handicap-away-0pt5,1.752,False,gas_lng,"成交额 < 5,000 USDC，流动性不足"
lol-we-lng-2026-02-11-game1-kill-over-29pt5,1.73263,False,gas_lng,"成交额 < 5,000 USDC，流动性不足"
lol-we-lng-2026-02-11-game1-kill-over-28pt5,1.73253,False,gas_lng,"成交额 < 5,000 USDC，流动性不足"
lol-tt-lng-2026-02-11-game3-kill-over-32pt5,1.701,False,gas_lng,"成交额 < 5,000 USDC，流动性不足"
lol-we-lng-2026-02-11-game3-kill-over-40pt5,1.69459,False,gas_lng,"成交额 < 5,000 USDC，流动性不足"
will-lng-esports-win-lpl-2026-split-2,1.68038,False,,排除：电竞战队 LNG Esports
lol-we-lng-2026-02-11-game1-kill-over-30pt5,1.64689,False,gas_lng,"成交额 < 5,000 USDC，流动性不足"
will-wti-dip-to-65-by-april-27-2026,1.6411,False,price_level,"成交额 < 5,000 USDC，流动性不足"
lol-lgd-lng-2026-02-01-game1-kill-over-34pt5,1.6286,False,gas_lng,"成交额 < 5,000 USDC，流动性不足"
lol-we-lng-2026-02-11-game3-kill-over-39pt5,1.61361,False,gas_lng,"成交额 < 5,000 USDC，流动性不足"
lol-tt-lng-2026-02-11-game1-kill-over-28pt5,1.58288,False,gas_lng,"成交额 < 5,000 USDC，流动性不足"
will-fewer-than-25-ships-transit-the-strait-of-hormuz-between-april-27-may-3,1.57,False,supply_risk,"成交额 < 5,000 USDC，流动性不足"
lol-lgd-lng-2026-02-01-game1-kill-over-33pt5,1.56588,False,gas_lng,"成交额 < 5,000 USDC，流动性不足"
lol-lng-edg-2026-04-10-game1-first-blood,1.54618,False,gas_lng,"成交额 < 5,000 USDC，流动性不足"
lol-we-lng-2026-02-11-game4-kill-over-56pt5,1.543,False,gas_lng,"成交额 < 5,000 USDC，流动性不足"
lol-tt-lng-2026-02-11-game3-kill-over-33pt5,1.54226,False,gas_lng,"成交额 < 5,000 USDC，流动性不足"
lol-tt-lng-2026-02-11-game3-kill-over-34pt5,1.531,False,gas_lng,"成交额 < 5,000 USDC，流动性不足"
lol-tt-lng-2026-02-11-game3-kill-over-26pt5,1.509,False,gas_lng,"成交额 < 5,000 USDC，流动性不足"
lol-we-lng-2026-02-11-game3-kill-over-47pt5,1.50101,False,gas_lng,"成交额 < 5,000 USDC，流动性不足"
lol-tt-lng-2026-02-11-game3-kill-over-29pt5,1.4999,False,gas_lng,"成交额 < 5,000 USDC，流动性不足"
will-wti-reach-95-by-april-27-2026,1.4998,False,price_level,"成交额 < 5,000 USDC，流动性不足"
will-wti-dip-to-60-in-may-2026-285-377-185-843-116-432-329-688-168-228-339-524-431,1.4954,False,price_level,"成交额 < 5,000 USDC，流动性不足"
nfl-jax-den-2025-12-21-anytime-td-brenton-strange,1.4598,False,,关键词命中但不属于任何已定义主题（待人工复核）
lol-lng-lgd-2026-01-21-inhibitor-handicap-away-1pt5,1.4397,False,gas_lng,"成交额 < 5,000 USDC，流动性不足"
lol-lng-lgd-2026-01-21-kill-handicap-away-9pt5,1.4395,False,gas_lng,"成交额 < 5,000 USDC，流动性不足"
lol-lgd-lng-2026-02-01-game1-kill-over-29pt5,1.42,False,gas_lng,"成交额 < 5,000 USDC，流动性不足"
lol-lgd-lng-2026-02-01-game2-kill-over-33pt5,1.42,False,gas_lng,"成交额 < 5,000 USDC，流动性不足"
lol-lgd-lng-2026-02-01-game2-kill-over-34pt5,1.42,False,gas_lng,"成交额 < 5,000 USDC，流动性不足"
lol-lgd-lng-2026-02-01-game1-kill-over-30pt5,1.42,False,gas_lng,"成交额 < 5,000 USDC，流动性不足"
lol-we-lng-2026-02-11-game3-kill-over-30pt5,1.41663,False,gas_lng,"成交额 < 5,000 USDC，流动性不足"
lol-lgd-lng-2026-02-01-game1-kill-over-32pt5,1.4126,False,gas_lng,"成交额 < 5,000 USDC，流动性不足"
lol-tt-lng-2026-02-11-game3-kill-over-25pt5,1.409,False,gas_lng,"成交额 < 5,000 USDC，流动性不足"
lol-lgd-lng-2026-02-01-game1-kill-over-23pt5,1.4,False,gas_lng,"成交额 < 5,000 USDC，流动性不足"
lol-lgd-lng-2026-02-01-game1-kill-over-22pt5,1.4,False,gas_lng,"成交额 < 5,000 USDC，流动性不足"
lol-lgd-lng-2026-02-01-game3-kill-over-22pt5,1.4,False,gas_lng,"成交额 < 5,000 USDC，流动性不足"
lol-lgd-lng-2026-02-01-game3-kill-over-21pt5,1.4,False,gas_lng,"成交额 < 5,000 USDC，流动性不足"
lol-lgd-lng-2026-02-01-game2-kill-over-23pt5,1.4,False,gas_lng,"成交额 < 5,000 USDC，流动性不足"
lol-lgd-lng-2026-02-01-game3-kill-over-30pt5,1.4,False,gas_lng,"成交额 < 5,000 USDC，流动性不足"
lol-lgd-lng-2026-02-01-game1-kill-over-31pt5,1.4,False,gas_lng,"成交额 < 5,000 USDC，流动性不足"
lol-we-lng-2026-02-11-game2-kill-over-28pt5,1.3739,False,gas_lng,"成交额 < 5,000 USDC，流动性不足"
lol-tt-lng-2026-02-11-game3-kill-over-24pt5,1.359,False,gas_lng,"成交额 < 5,000 USDC，流动性不足"
will-brentford-place-17th-for-the-2025-26-english-premier-league-season,1.34998,False,,排除：英超球队 Brentford FC
lol-we-lng-2026-02-11-game4-kill-over-53pt5,1.32,False,gas_lng,"成交额 < 5,000 USDC，流动性不足"
lol-we-lng-2026-02-11-game2-kill-over-46pt5,1.311,False,gas_lng,"成交额 < 5,000 USDC，流动性不足"
lol-we-lng-2026-02-11-game2-kill-over-43pt5,1.31099,False,gas_lng,"成交额 < 5,000 USDC，流动性不足"
lol-we-lng-2026-02-11-game2-kill-over-42pt5,1.31099,False,gas_lng,"成交额 < 5,000 USDC，流动性不足"
lol-we-lng-2026-02-11-game2-kill-over-44pt5,1.31099,False,gas_lng,"成交额 < 5,000 USDC，流动性不足"
lol-we-lng-2026-02-11-game2-kill-over-45pt5,1.31099,False,gas_lng,"成交额 < 5,000 USDC，流动性不足"
lol-we-lng-2026-02-11-game1-kill-over-27pt5,1.307,False,gas_lng,"成交额 < 5,000 USDC，流动性不足"
lol-lgd-lng-2026-02-01-game2-kill-over-30pt5,1.3,False,gas_lng,"成交额 < 5,000 USDC，流动性不足"
lol-lgd-lng-2026-02-01-game2-kill-over-31pt5,1.3,False,gas_lng,"成交额 < 5,000 USDC，流动性不足"
lol-lgd-lng-2026-02-01-game3-kill-over-29pt5,1.3,False,gas_lng,"成交额 < 5,000 USDC，流动性不足"
lol-lgd-lng-2026-02-01-game2-kill-over-32pt5,1.3,False,gas_lng,"成交额 < 5,000 USDC，流动性不足"
lol-lgd-lng-2026-02-01-game2-kill-over-18pt5,1.3,False,gas_lng,"成交额 < 5,000 USDC，流动性不足"
lol-lgd-lng-2026-02-01-game2-kill-over-19pt5,1.3,False,gas_lng,"成交额 < 5,000 USDC，流动性不足"
lol-lgd-lng-2026-02-01-game2-kill-over-21pt5,1.3,False,gas_lng,"成交额 < 5,000 USDC，流动性不足"
lol-lgd-lng-2026-02-01-game2-kill-over-22pt5,1.3,False,gas_lng,"成交额 < 5,000 USDC，流动性不足"
lol-lgd-lng-2026-02-01-game3-kill-over-23pt5,1.3,False,gas_lng,"成交额 < 5,000 USDC，流动性不足"
lol-lgd-lng-2026-02-01-game2-kill-over-20pt5,1.3,False,gas_lng,"成交额 < 5,000 USDC，流动性不足"
lol-lgd-lng-2026-02-01-game2-kill-over-29pt5,1.3,False,gas_lng,"成交额 < 5,000 USDC，流动性不足"
lol-lng-lgd-2026-01-21-kill-handicap-away-10pt5,1.2885,False,gas_lng,"成交额 < 5,000 USDC，流动性不足"
lol-lng-edg-2026-04-10-game2-kill-over-17pt5,1.25,False,gas_lng,"成交额 < 5,000 USDC，流动性不足"
lol-lng-edg-2026-04-10-game2-kill-over-18pt5,1.25,False,gas_lng,"成交额 < 5,000 USDC，流动性不足"
will-wti-dip-to-80-in-may-2026-734-629-766-626-157-663-256-712-397-816-113-876-832,1.23828,False,price_level,"成交额 < 5,000 USDC，流动性不足"
lol-we-lng-2026-02-11-game4-kill-over-49pt5,1.22,False,gas_lng,"成交额 < 5,000 USDC，流动性不足"
lol-we-lng-2026-02-11-game2-kill-over-30pt5,1.21689,False,gas_lng,"成交额 < 5,000 USDC，流动性不足"
lol-we-lng-2026-02-11-game2-kill-over-27pt5,1.21689,False,gas_lng,"成交额 < 5,000 USDC，流动性不足"
lol-we-lng-2026-02-11-game4-kill-over-47pt5,1.215,False,gas_lng,"成交额 < 5,000 USDC，流动性不足"
lol-we-lng-2026-02-11-game4-kill-over-48pt5,1.215,False,gas_lng,"成交额 < 5,000 USDC，流动性不足"
lol-we-lng-2026-02-11-game2-kill-over-31pt5,1.20563,False,gas_lng,"成交额 < 5,000 USDC，流动性不足"
lol-we-lng-2026-02-11-game2-kill-over-29pt5,1.20563,False,gas_lng,"成交额 < 5,000 USDC，流动性不足"
lol-lng-lgd-2026-01-21-tower-handicap-away-7pt5,1.182,False,gas_lng,"成交额 < 5,000 USDC，流动性不足"
2026-soccer-romania-superliga-winner-petrolul,1.155,False,,关键词命中但不属于任何已定义主题（待人工复核）
lol-lng-lgd-2026-01-21-drake-handicap-away-1pt5,1.0836,False,gas_lng,"成交额 < 5,000 USDC，流动性不足"
lol-tt-lng-2026-02-11-game3-kill-over-36pt5,1.06,False,gas_lng,"成交额 < 5,000 USDC，流动性不足"
lol-tt-lng-2026-02-11-game3-kill-over-35pt5,1.06,False,gas_lng,"成交额 < 5,000 USDC，流动性不足"
lol-lng-tt-2026-03-28-game1-kill-over-22pt5,1.0499,False,gas_lng,"成交额 < 5,000 USDC，流动性不足"
lol-we-lng-2026-02-11-game2-kill-over-47pt5,1.016,False,gas_lng,"成交额 < 5,000 USDC，流动性不足"
lol-we-lng-2026-02-11-game2-kill-over-49pt5,1.01599,False,gas_lng,"成交额 < 5,000 USDC，流动性不足"
lol-we-lng-2026-02-11-game2-kill-over-48pt5,1.01599,False,gas_lng,"成交额 < 5,000 USDC，流动性不足"
lol-lng-omg-2026-01-16-most-tower,1.01499,False,gas_lng,"成交额 < 5,000 USDC，流动性不足"
lol-lng-lgd-2026-01-21-kill-handicap-away-13pt5,1.01499,False,gas_lng,"成交额 < 5,000 USDC，流动性不足"
lol-lng-omg-2026-01-16-most-nashor,1,False,gas_lng,"成交额 < 5,000 USDC，流动性不足"
lol-lng-omg-2026-01-16-most-drake,1,False,gas_lng,"成交额 < 5,000 USDC，流动性不足"
lol-lng-omg-2026-01-16-drake-handicap-away-1pt5,1,False,gas_lng,"成交额 < 5,000 USDC，流动性不足"
lol-we-lng-2026-02-11-game4-kill-over-54pt5,1,False,gas_lng,"成交额 < 5,000 USDC，流动性不足"
lol-we-lng-2026-02-11-game4-kill-over-55pt5,1,False,gas_lng,"成交额 < 5,000 USDC，流动性不足"
lol-lng-omg-2026-01-16-most-kill,1,False,gas_lng,"成交额 < 5,000 USDC，流动性不足"
will-josh-berry-win-the-2025-cracker-barrel-400,1,False,,排除：餐饮公司 Cracker Barrel
will-brad-keselowski-win-the-2025-cracker-barrel-400,1,False,,排除：餐饮公司 Cracker Barrel
will-carson-hocevar-win-the-2025-cracker-barrel-400,1,False,,排除：餐饮公司 Cracker Barrel
lol-lng-omg-2026-01-16-tower-handicap-away-7pt5,1,False,gas_lng,"成交额 < 5,000 USDC，流动性不足"
lol-lng-lgd-2026-01-21-kill-handicap-away-12pt5,1,False,gas_lng,"成交额 < 5,000 USDC，流动性不足"
lol-lng-omg-2026-01-16-most-inhibitor,1,False,gas_lng,"成交额 < 5,000 USDC，流动性不足"
lol-lng-tt-2026-03-28-game1-kill-over-23pt5,0.9499,False,gas_lng,"成交额 < 5,000 USDC，流动性不足"
lol-tt-lng-2026-02-11-game3-kill-over-28pt5,0.9482,False,gas_lng,"成交额 < 5,000 USDC，流动性不足"
lol-lng-lgd-2026-01-21-tower-handicap-away-8pt5,0.9425,False,gas_lng,"成交额 < 5,000 USDC，流动性不足"
lol-tt-lng-2026-02-11-game3-kill-over-27pt5,0.9407,False,gas_lng,"成交额 < 5,000 USDC，流动性不足"
lol-tt-lng-2026-02-11-game2-first-blood,0.9236,False,gas_lng,"成交额 < 5,000 USDC，流动性不足"
nfl-jax-ind-2025-12-28-rec-brenton-strange-35pt5,0.90241,False,,关键词命中但不属于任何已定义主题（待人工复核）
nfl-ten-jax-2026-01-04-rec-brenton-strange-39pt5,0.90241,False,,关键词命中但不属于任何已定义主题（待人工复核）
lol-lng-edg-2026-04-10-game2-any-player-quadra-kill,0.8524,False,gas_lng,"成交额 < 5,000 USDC，流动性不足"
lol-lng-edg-2026-04-10-game3-any-player-penta-kill,0.7758,False,gas_lng,"成交额 < 5,000 USDC，流动性不足"
lol-lng-edg-2026-04-10-game2-odd-even-total-kills,0.70632,False,gas_lng,"成交额 < 5,000 USDC，流动性不足"
lol-lng-lgd-2026-01-21-kill-handicap-away-7pt5,0.704,False,gas_lng,"成交额 < 5,000 USDC，流动性不足"
lol-lng-edg-2026-04-10-game1-both-teams-slay-baron,0.7012,False,gas_lng,"成交额 < 5,000 USDC，流动性不足"
lol-lng-tt-2026-03-28-game2-any-player-penta-kill,0.638297,False,gas_lng,"成交额 < 5,000 USDC，流动性不足"
lol-omg-lng-2026-04-24-game2-any-player-penta-kill,0.6244,False,gas_lng,"成交额 < 5,000 USDC，流动性不足"
lol-lng-up-2026-01-16-most-tower,0.62013,False,gas_lng,"成交额 < 5,000 USDC，流动性不足"
lol-lng-tt-2026-03-28-game1-kill-over-24pt5,0.6051,False,gas_lng,"成交额 < 5,000 USDC，流动性不足"
nfl-jax-ten-2025-11-30-first-td-brenton-strange,0.5695,False,,关键词命中但不属于任何已定义主题（待人工复核）
nfl-nyj-jax-2025-12-14-rec-brenton-strange-38pt5,0.5613,False,,关键词命中但不属于任何已定义主题（待人工复核）
lol-lng-edg-2026-04-10-game1-kill-over-25pt5,0.5001,False,gas_lng,"成交额 < 5,000 USDC，流动性不足"
lol-lng-tt-2026-03-28-game2-both-teams-slay-dragon,0.464781,False,gas_lng,"成交额 < 5,000 USDC，流动性不足"
lol-lng-tt-2026-03-28-game1-both-teams-slay-dragon,0.464781,False,gas_lng,"成交额 < 5,000 USDC，流动性不足"
wti-closes-above-92-on-april-28-2026,0.4392,False,price_level,"成交额 < 5,000 USDC，流动性不足"
lol-lng-edg-2026-04-10-game3-both-teams-slay-baron,0.429,False,gas_lng,"成交额 < 5,000 USDC，流动性不足"
lol-lng-edg-2026-04-10-game3-odd-even-total-kills,0.429,False,gas_lng,"成交额 < 5,000 USDC，流动性不足"
lol-lng-lgd-2026-01-21-most-drake,0.42054,False,gas_lng,"成交额 < 5,000 USDC，流动性不足"
will-brentford-qualify-for-the-league-phase-of-the-2026-27-uefa-champions-league,0.416666,False,,排除：英超球队 Brentford FC
lol-lng-lgd-2026-01-21-most-nashor,0.3845,False,gas_lng,"成交额 < 5,000 USDC，流动性不足"
lol-lng-lgd-2026-01-21-most-kill,0.3837,False,gas_lng,"成交额 < 5,000 USDC，流动性不足"
will-trump-say-pipeline-during-todays-event-with-the-governor-of-louisiana,0.37,False,,排除：发言用词竞猜（讲话里会不会说某个词）
lol-we-lng-2026-02-11-game4-kill-over-50pt5,0.369,False,gas_lng,"成交额 < 5,000 USDC，流动性不足"
lol-we-lng-2026-02-11-game4-kill-over-52pt5,0.368,False,gas_lng,"成交额 < 5,000 USDC，流动性不足"
nfl-nyj-jax-2025-12-14-first-td-brenton-strange,0.3613,False,,关键词命中但不属于任何已定义主题（待人工复核）
nfl-buf-jax-2026-01-11-rec-brenton-strange-33pt5,0.35,False,,关键词命中但不属于任何已定义主题（待人工复核）
nfl-jax-ten-2025-11-30-rec-brenton-strange-38pt5,0.35,False,,关键词命中但不属于任何已定义主题（待人工复核）
lol-lng-tt-2026-03-28-game1-kill-over-33pt5,0.309,False,gas_lng,"成交额 < 5,000 USDC，流动性不足"
will-ross-chastain-win-the-2025-cracker-barrel-400,0.3,False,,排除：餐饮公司 Cracker Barrel
lol-lng-edg-2026-04-10-game1-kill-over-14pt5,0.25,False,gas_lng,"成交额 < 5,000 USDC，流动性不足"
lol-lng-tt-2026-03-28-game1-kill-over-31pt5,0.25,False,gas_lng,"成交额 < 5,000 USDC，流动性不足"
lol-lng-edg-2026-04-10-game1-kill-over-15pt5,0.25,False,gas_lng,"成交额 < 5,000 USDC，流动性不足"
lol-lng-tt-2026-03-28-game1-kill-over-32pt5,0.25,False,gas_lng,"成交额 < 5,000 USDC，流动性不足"
lol-lng-tt-2026-03-28-game2-kill-over-35pt5,0.25,False,gas_lng,"成交额 < 5,000 USDC，流动性不足"
lol-lng-tt-2026-03-28-game1-kill-over-34pt5,0.25,False,gas_lng,"成交额 < 5,000 USDC，流动性不足"
lol-lng-up-2026-01-16-most-kill,0.22773,False,gas_lng,"成交额 < 5,000 USDC，流动性不足"
lol-omg-lng-2026-04-24-game2-both-teams-slay-dragon,0.2232,False,gas_lng,"成交额 < 5,000 USDC，流动性不足"
lol-lng-edg-2026-04-10-game1-odd-even-total-kills,0.21638,False,gas_lng,"成交额 < 5,000 USDC，流动性不足"
lol-lgd-lng-2026-02-01-game3-kill-over-26pt5,0.2126,False,gas_lng,"成交额 < 5,000 USDC，流动性不足"
lol-lgd-lng-2026-02-01-game3-kill-over-28pt5,0.2126,False,gas_lng,"成交额 < 5,000 USDC，流动性不足"
wti-closes-above-91-on-april-28-2026,0.202,False,price_level,"成交额 < 5,000 USDC，流动性不足"
wti-closes-above-90-on-april-28-2026,0.202,False,price_level,"成交额 < 5,000 USDC，流动性不足"
lol-lng-up-2026-01-16-drake-handicap-away-1pt5,0.201,False,gas_lng,"成交额 < 5,000 USDC，流动性不足"
lol-lng-lgd-2026-01-21-most-tower,0.2,False,gas_lng,"成交额 < 5,000 USDC，流动性不足"
lol-lgd-lng-2026-02-01-game2-kill-over-26pt5,0.2,False,gas_lng,"成交额 < 5,000 USDC，流动性不足"
will-christopher-bell-win-the-2025-cracker-barrel-400,0.2,False,,排除：餐饮公司 Cracker Barrel
lol-lgd-lng-2026-02-01-game3-kill-over-27pt5,0.2,False,gas_lng,"成交额 < 5,000 USDC，流动性不足"
will-tyler-reddick-win-the-2025-cracker-barrel-400,0.2,False,,排除：餐饮公司 Cracker Barrel
lol-lng-lgd-2026-01-21-kill-handicap-away-11pt5,0.1866,False,gas_lng,"成交额 < 5,000 USDC，流动性不足"
lol-lng-edg-2026-04-10-game2-kill-over-26pt5,0.155,False,gas_lng,"成交额 < 5,000 USDC，流动性不足"
lol-lng-tt-2026-03-28-game1-kill-over-29pt5,0.1509,False,gas_lng,"成交额 < 5,000 USDC，流动性不足"
lol-lng-edg-2026-04-10-game1-kill-over-21pt5,0.15,False,gas_lng,"成交额 < 5,000 USDC，流动性不足"
lol-lng-edg-2026-04-10-game1-kill-over-16pt5,0.15,False,gas_lng,"成交额 < 5,000 USDC，流动性不足"
lol-lng-edg-2026-04-10-game2-kill-over-31pt5,0.15,False,gas_lng,"成交额 < 5,000 USDC，流动性不足"
lol-lng-edg-2026-04-10-game2-kill-over-27pt5,0.15,False,gas_lng,"成交额 < 5,000 USDC，流动性不足"
lol-lng-edg-2026-04-10-game2-kill-over-33pt5,0.15,False,gas_lng,"成交额 < 5,000 USDC，流动性不足"
lol-lng-edg-2026-04-10-game2-kill-over-32pt5,0.15,False,gas_lng,"成交额 < 5,000 USDC，流动性不足"
lol-lng-edg-2026-04-10-game2-kill-over-30pt5,0.15,False,gas_lng,"成交额 < 5,000 USDC，流动性不足"
lol-lng-edg-2026-04-10-game2-kill-over-34pt5,0.15,False,gas_lng,"成交额 < 5,000 USDC，流动性不足"
lol-lng-tt-2026-03-28-game1-any-player-quadra-kill,0.149478,False,gas_lng,"成交额 < 5,000 USDC，流动性不足"
lol-lng-tt-2026-03-28-game2-kill-over-33pt5,0.1,False,gas_lng,"成交额 < 5,000 USDC，流动性不足"
lol-lng-tt-2026-03-28-game2-kill-over-31pt5,0.1,False,gas_lng,"成交额 < 5,000 USDC，流动性不足"
lol-omg-lng-2026-04-24-game1-kill-over-19pt5,0.1,False,gas_lng,"成交额 < 5,000 USDC，流动性不足"
lol-lng-edg-2026-04-10-game3-any-player-quadra-kill,0.1,False,gas_lng,"成交额 < 5,000 USDC，流动性不足"
lol-lng-tt-2026-03-28-game2-kill-over-24pt5,0.1,False,gas_lng,"成交额 < 5,000 USDC，流动性不足"
lol-lng-tt-2026-03-28-game2-kill-over-34pt5,0.1,False,gas_lng,"成交额 < 5,000 USDC，流动性不足"
lol-lng-tt-2026-03-28-game2-kill-over-22pt5,0.1,False,gas_lng,"成交额 < 5,000 USDC，流动性不足"
lol-lgd-lng-2026-02-01-game1-kill-over-24pt5,0.1,False,gas_lng,"成交额 < 5,000 USDC，流动性不足"
lol-lng-lgd-2026-01-21-most-inhibitor,0.1,False,gas_lng,"成交额 < 5,000 USDC，流动性不足"
lol-omg-lng-2026-04-24-game1-kill-over-17pt5,0.1,False,gas_lng,"成交额 < 5,000 USDC，流动性不足"
lol-lgd-lng-2026-02-01-game2-kill-over-24pt5,0.1,False,gas_lng,"成交额 < 5,000 USDC，流动性不足"
lol-lgd-lng-2026-02-01-game2-kill-over-27pt5,0.1,False,gas_lng,"成交额 < 5,000 USDC，流动性不足"
lol-lng-tt-2026-03-28-game2-kill-over-32pt5,0.1,False,gas_lng,"成交额 < 5,000 USDC，流动性不足"
lol-lgd-lng-2026-02-01-game1-kill-over-28pt5,0.1,False,gas_lng,"成交额 < 5,000 USDC，流动性不足"
lol-lng-tt-2026-03-28-game2-kill-over-23pt5,0.1,False,gas_lng,"成交额 < 5,000 USDC，流动性不足"
lol-lgd-lng-2026-02-01-game3-kill-over-25pt5,0.1,False,gas_lng,"成交额 < 5,000 USDC，流动性不足"
lol-lgd-lng-2026-02-01-game3-kill-over-24pt5,0.1,False,gas_lng,"成交额 < 5,000 USDC，流动性不足"
lol-lgd-lng-2026-02-01-game2-kill-over-25pt5,0.1,False,gas_lng,"成交额 < 5,000 USDC，流动性不足"
lol-lgd-lng-2026-02-01-game2-kill-over-28pt5,0.1,False,gas_lng,"成交额 < 5,000 USDC，流动性不足"
lol-we-lng-2026-02-11-game4-kill-over-51pt5,0.061,False,gas_lng,"成交额 < 5,000 USDC，流动性不足"
lol-omg-lng-2026-04-24-game1-first-blood,0.0558,False,gas_lng,"成交额 < 5,000 USDC，流动性不足"
lol-omg-lng-2026-04-24-game1-odd-even-total-kills,0.0558,False,gas_lng,"成交额 < 5,000 USDC，流动性不足"
lol-lng-tt-2026-03-28-game1-both-teams-slay-baron,0.0558,False,gas_lng,"成交额 < 5,000 USDC，流动性不足"
lol-omg-lng-2026-04-24-game1-both-teams-slay-dragon,0.0558,False,gas_lng,"成交额 < 5,000 USDC，流动性不足"
lol-omg-lng-2026-04-24-game1-both-teams-destroy-inhibitors,0.0558,False,gas_lng,"成交额 < 5,000 USDC，流动性不足"
lol-omg-lng-2026-04-24-game1-both-teams-slay-baron,0.0558,False,gas_lng,"成交额 < 5,000 USDC，流动性不足"
lol-lng-tt-2026-03-28-game1-kill-over-26pt5,0.05,False,gas_lng,"成交额 < 5,000 USDC，流动性不足"
lol-lng-tt-2026-03-28-game1-kill-over-30pt5,0.05,False,gas_lng,"成交额 < 5,000 USDC，流动性不足"
lol-lng-tt-2026-03-28-game1-kill-over-25pt5,0.05,False,gas_lng,"成交额 < 5,000 USDC，流动性不足"
lol-lng-tt-2026-03-28-game2-kill-over-28pt5,0.05,False,gas_lng,"成交额 < 5,000 USDC，流动性不足"
lol-lng-tt-2026-03-28-game2-kill-over-27pt5,0.05,False,gas_lng,"成交额 < 5,000 USDC，流动性不足"
lol-lng-tt-2026-03-28-game1-kill-over-28pt5,0.05,False,gas_lng,"成交额 < 5,000 USDC，流动性不足"
lol-lng-tt-2026-03-28-game2-kill-over-29pt5,0.05,False,gas_lng,"成交额 < 5,000 USDC，流动性不足"
lol-lng-tt-2026-03-28-game2-kill-over-26pt5,0.05,False,gas_lng,"成交额 < 5,000 USDC，流动性不足"
lol-lng-tt-2026-03-28-game2-kill-over-25pt5,0.05,False,gas_lng,"成交额 < 5,000 USDC，流动性不足"
nfl-nyj-jax-2025-12-14-anytime-td-brenton-strange,0.028,False,,关键词命中但不属于任何已定义主题（待人工复核）
will-brenton-doyle-win-the-2026-nl-platinum-glove-award,0.0212,False,,关键词命中但不属于任何已定义主题（待人工复核）
cwbb-lngst-okst-2025-11-06,0.010101,False,,关键词命中但不属于任何已定义主题（待人工复核）
